snapshot,tag,asset,downloads
2026-09-28,basemap-tiles,basemap-world.pmtiles,552
2026-09-28,road-features,great-britain-england.bin,144
2026-09-28,poi-packs,italy.zip,121
2026-09-28,road-features,italy-nord-est.bin,105
2026-09-28,poi-packs,germany.zip,98
2026-09-28,poi-packs,brazil.zip,80
2026-09-28,poi-packs,france.zip,77
2026-09-28,road-features,de-baden-wuerttemberg.bin,71
2026-09-28,road-features,france-ile-de-france.bin,71
2026-09-28,road-features,new-jersey.bin,71
2026-09-28,poi-packs,spain.zip,69
2026-09-28,road-features,de-bayern.bin,66
2026-09-28,road-features,italy-centro.bin,66
2026-09-28,road-features,new-york.bin,65
2026-09-28,road-features,ohio.bin,63
2026-09-28,road-features,de-nordrhein-westfalen.bin,59
2026-09-28,road-features,illinois.bin,59
2026-09-28,obf-regions,de-bayern.obf,58
2026-09-28,obf-regions,de-baden-wuerttemberg.obf,57
2026-09-28,obf-regions,great-britain-england.obf,56
2026-09-28,road-features,de-rheinland-pfalz.bin,55
2026-09-28,road-features,italy-nord-ovest.bin,54
2026-09-28,poi-packs,ontario.zip,54
2026-09-28,obf-regions,district-of-columbia.obf,53
2026-09-28,road-features,california-socal.bin,51
2026-09-28,poi-packs,switzerland.zip,49
2026-09-28,road-features,greece.bin,48
2026-09-28,road-features,spain.bin,48
2026-09-28,road-features,california-norcal.bin,47
2026-09-28,road-features,maryland.bin,46
2026-09-28,road-features,france-alsace.bin,45
2026-09-28,road-features,iran.bin,43
2026-09-28,road-features,new-mexico.bin,43
2026-09-28,obf-regions,france-ile-de-france.obf,43
2026-09-28,basemap-tiles,basemap-district-of-columbia.pmtiles,42
2026-09-28,road-features,washington.bin,42
2026-09-28,obf-regions,de-nordrhein-westfalen.obf,42
2026-09-28,obf-regions,puerto-rico.obf,42
2026-09-28,basemap-tiles,basemap-great-britain-england.pmtiles,41
2026-09-28,road-features,brazil-sul.bin,41
2026-09-28,road-features,france-rhone-alpes.bin,41
2026-09-28,road-features,india-southern-zone.bin,40
2026-09-28,road-features,india-western-zone.bin,40
2026-09-28,obf-regions,italy-centro.obf,40
2026-09-28,road-features,georgia.bin,39
2026-09-28,road-features,pennsylvania.bin,39
2026-09-28,road-features,switzerland.bin,39
2026-09-28,poi-packs,virginia.zip,39
2026-09-28,obf-regions,de-rheinland-pfalz.obf,38
2026-09-28,obf-regions,de-thueringen.obf,38
2026-09-28,road-features,de-hessen.bin,37
2026-09-28,obf-regions,de-berlin.obf,37
2026-09-28,obf-regions,de-hamburg.obf,37
2026-09-28,obf-regions,us-virgin-islands.obf,37
2026-09-28,poi-packs,washington.zip,37
2026-09-28,basemap-tiles,basemap-france-ile-de-france.pmtiles,36
2026-09-28,poi-packs,great-britain.zip,36
2026-09-28,road-features,spain-madrid.bin,35
2026-09-28,poi-packs,india.zip,35
2026-09-28,poi-packs,new-york.zip,35
2026-09-28,poi-packs,pennsylvania.zip,35
2026-09-28,poi-packs,portugal.zip,35
2026-09-28,road-features,de-berlin.bin,34
2026-09-28,road-features,france-provence-alpes-cote-d-azur.bin,34
2026-09-28,road-features,michigan.bin,34
2026-09-28,road-features,netherlands-zuid-holland.bin,34
2026-09-28,road-features,west-virginia.bin,34
2026-09-28,obf-regions,de-brandenburg.obf,34
2026-09-28,obf-regions,de-hessen.obf,34
2026-09-28,obf-regions,de-niedersachsen.obf,34
2026-09-28,obf-regions,de-sachsen.obf,34
2026-09-28,obf-regions,italy-nord-est.obf,34
2026-09-28,poi-packs,georgia.zip,34
2026-09-28,poi-packs,netherlands.zip,34
2026-09-28,basemap-tiles,basemap-de-baden-wuerttemberg.pmtiles,33
2026-09-28,road-features,brazil-sudeste.bin,33
2026-09-28,road-features,spain-cataluna.bin,33
2026-09-28,obf-regions,de-mecklenburg-vorpommern.obf,33
2026-09-28,poi-packs,new-jersey.zip,33
2026-09-28,basemap-tiles,basemap-de-bayern.pmtiles,32
2026-09-28,basemap-tiles,basemap-puerto-rico.pmtiles,32
2026-09-28,road-features,great-britain-wales.bin,32
2026-09-28,obf-regions,california-socal.obf,32
2026-09-28,obf-regions,de-bremen.obf,32
2026-09-28,obf-regions,de-sachsen-anhalt.obf,32
2026-09-28,obf-regions,de-schleswig-holstein.obf,32
2026-09-28,poi-packs,maryland.zip,32
2026-09-28,basemap-tiles,basemap-italy-centro.pmtiles,31
2026-09-28,road-features,de-thueringen.bin,31
2026-09-28,road-features,tennessee.bin,31
2026-09-28,obf-regions,de-saarland.obf,31
2026-09-28,poi-packs,greece.zip,31
2026-09-28,road-features,wisconsin.bin,30
2026-09-28,poi-packs,de-saarland.zip,30
2026-09-28,poi-packs,illinois.zip,30
2026-09-28,poi-packs,texas.zip,30
2026-09-28,road-features,colorado.bin,29
2026-09-28,road-features,delaware.bin,29
2026-09-28,road-features,india-northern-zone.bin,29
2026-09-28,road-features,indiana.bin,29
2026-09-28,obf-regions,california-norcal.obf,29
2026-09-28,obf-regions,pennsylvania.obf,29
2026-09-28,poi-packs,alberta.zip,29
2026-09-28,poi-packs,belgium.zip,29
2026-09-28,poi-packs,mexico.zip,29
2026-09-28,road-features,alberta.bin,28
2026-09-28,road-features,bangladesh.bin,28
2026-09-28,road-features,bulgaria.bin,28
2026-09-28,road-features,florida.bin,28
2026-09-28,road-features,italy-sud.bin,28
2026-09-28,obf-regions,france-alsace.obf,28
2026-09-28,obf-regions,georgia.obf,28
2026-09-28,obf-regions,italy-nord-ovest.obf,28
2026-09-28,poi-packs,british-columbia.zip,28
2026-09-28,poi-packs,poland.zip,28
2026-09-28,basemap-tiles,basemap-france-alsace.pmtiles,27
2026-09-28,road-features,north-carolina.bin,27
2026-09-28,obf-regions,new-jersey.obf,27
2026-09-28,obf-regions,spain-andalucia.obf,27
2026-09-28,poi-packs,austria.zip,27
2026-09-28,basemap-tiles,basemap-us-virgin-islands.pmtiles,26
2026-09-28,road-features,brazil-nordeste.bin,26
2026-09-28,road-features,de-niedersachsen.bin,26
2026-09-28,road-features,france-pays-de-la-loire.bin,26
2026-09-28,road-features,mexico.bin,26
2026-09-28,obf-regions,france-aquitaine.obf,26
2026-09-28,obf-regions,iran.obf,26
2026-09-28,obf-regions,spain-cataluna.obf,26
2026-09-28,obf-regions,texas.obf,26
2026-09-28,poi-packs,wisconsin.zip,26
2026-09-28,basemap-tiles,basemap-georgia.pmtiles,25
2026-09-28,road-features,australia-new-south-wales.bin,25
2026-09-28,road-features,hungary.bin,25
2026-09-28,road-features,nevada.bin,25
2026-09-28,road-features,poland-slaskie.bin,25
2026-09-28,road-features,turkey.bin,25
2026-09-28,obf-regions,france-rhone-alpes.obf,25
2026-09-28,poi-packs,north-carolina.zip,25
2026-09-28,poi-packs,tennessee.zip,25
2026-09-28,road-features,alabama.bin,24
2026-09-28,road-features,arizona.bin,24
2026-09-28,road-features,denmark.bin,24
2026-09-28,road-features,france-centre.bin,24
2026-09-28,road-features,poland-mazowieckie.bin,24
2026-09-28,obf-regions,france-auvergne.obf,24
2026-09-28,obf-regions,france-provence-alpes-cote-d-azur.obf,24
2026-09-28,obf-regions,maryland.obf,24
2026-09-28,obf-regions,turkey.obf,24
2026-09-28,poi-packs,west-virginia.zip,24
2026-09-28,basemap-tiles,basemap-de-hamburg.pmtiles,23
2026-09-28,basemap-tiles,basemap-de-nordrhein-westfalen.pmtiles,23
2026-09-28,basemap-tiles,basemap-italy-nord-est.pmtiles,23
2026-09-28,basemap-tiles,basemap-pennsylvania.pmtiles,23
2026-09-28,road-features,malaysia-singapore-brunei.bin,23
2026-09-28,road-features,netherlands-limburg.bin,23
2026-09-28,obf-regions,alberta.obf,23
2026-09-28,obf-regions,bangladesh.obf,23
2026-09-28,obf-regions,delaware.obf,23
2026-09-28,obf-regions,great-britain-wales.obf,23
2026-09-28,obf-regions,italy-sud.obf,23
2026-09-28,obf-regions,new-york.obf,23
2026-09-28,obf-regions,spain-asturias.obf,23
2026-09-28,poi-packs,australia.zip,23
2026-09-28,poi-packs,florida.zip,23
2026-09-28,poi-packs,ohio.zip,23
2026-09-28,poi-packs,quebec.zip,23
2026-09-28,poi-packs,south-carolina.zip,23
2026-09-28,basemap-tiles,basemap-de-hessen.pmtiles,22
2026-09-28,basemap-tiles,basemap-maryland.pmtiles,22
2026-09-28,road-features,far-eastern-fed-district.bin,22
2026-09-28,road-features,massachusetts.bin,22
2026-09-28,road-features,spain-andalucia.bin,22
2026-09-28,road-features,texas.bin,22
2026-09-28,road-features,virginia.bin,22
2026-09-28,obf-regions,france-basse-normandie.obf,22
2026-09-28,obf-regions,italy-isole.obf,22
2026-09-28,obf-regions,spain-aragon.obf,22
2026-09-28,obf-regions,spain-madrid.obf,22
2026-09-28,basemap-tiles,basemap-de-berlin.pmtiles,21
2026-09-28,road-features,france-franche-comte.bin,21
2026-09-28,road-features,france-languedoc-roussillon.bin,21
2026-09-28,road-features,france-nord-pas-de-calais.bin,21
2026-09-28,road-features,japan-chubu.bin,21
2026-09-28,road-features,quebec.bin,21
2026-09-28,road-features,slovenia.bin,21
2026-09-28,road-features,south-carolina.bin,21
2026-09-28,road-features,sweden.bin,21
2026-09-28,obf-regions,australia-ashmore-cartier.obf,21
2026-09-28,obf-regions,france-bourgogne.obf,21
2026-09-28,obf-regions,france-bretagne.obf,21
2026-09-28,obf-regions,france-franche-comte.obf,21
2026-09-28,obf-regions,france-guadeloupe.obf,21
2026-09-28,obf-regions,france-nord-pas-de-calais.obf,21
2026-09-28,obf-regions,spain-cantabria.obf,21
2026-09-28,obf-regions,spain-castilla-la-mancha.obf,21
2026-09-28,obf-regions,spain-castilla-y-leon.obf,21
2026-09-28,obf-regions,spain-extremadura.obf,21
2026-09-28,obf-regions,spain-galicia.obf,21
2026-09-28,obf-regions,spain-islas-baleares.obf,21
2026-09-28,obf-regions,spain-murcia.obf,21
2026-09-28,poi-packs,delaware.zip,21
2026-09-28,basemap-tiles,basemap-de-sachsen.pmtiles,20
2026-09-28,basemap-tiles,basemap-new-jersey.pmtiles,20
2026-09-28,road-features,belgium.bin,20
2026-09-28,road-features,district-of-columbia.bin,20
2026-09-28,road-features,minnesota.bin,20
2026-09-28,road-features,missouri.bin,20
2026-09-28,road-features,romania.bin,20
2026-09-28,road-features,spain-castilla-y-leon.bin,20
2026-09-28,obf-regions,france-languedoc-roussillon.obf,20
2026-09-28,obf-regions,france-midi-pyrenees.obf,20
2026-09-28,obf-regions,great-britain-scotland.obf,20
2026-09-28,poi-packs,alabama.zip,20
2026-09-28,basemap-tiles,basemap-de-rheinland-pfalz.pmtiles,19
2026-09-28,basemap-tiles,basemap-new-york.pmtiles,19
2026-09-28,basemap-tiles,basemap-turkey.pmtiles,19
2026-09-28,road-features,argentina.bin,19
2026-09-28,road-features,british-columbia.bin,19
2026-09-28,road-features,central-fed-district.bin,19
2026-09-28,road-features,de-sachsen-anhalt.bin,19
2026-09-28,road-features,egypt.bin,19
2026-09-28,road-features,france-midi-pyrenees.bin,19
2026-09-28,road-features,israel-and-palestine.bin,19
2026-09-28,road-features,oregon.bin,19
2026-09-28,obf-regions,australia-new-south-wales.obf,19
2026-09-28,obf-regions,brazil-nordeste.obf,19
2026-09-28,obf-regions,france-centre.obf,19
2026-09-28,obf-regions,france-champagne-ardenne.obf,19
2026-09-28,obf-regions,france-corse.obf,19
2026-09-28,obf-regions,france-pays-de-la-loire.obf,19
2026-09-28,obf-regions,france-reunion.obf,19
2026-09-28,obf-regions,india-southern-zone.obf,19
2026-09-28,obf-regions,kiribati.obf,19
2026-09-28,obf-regions,netherlands-zuid-holland.obf,19
2026-09-28,obf-regions,ontario.obf,19
2026-09-28,obf-regions,spain-ceuta.obf,19
2026-09-28,obf-regions,spain-valencia.obf,19
2026-09-28,basemap-tiles,basemap-california-socal.pmtiles,18
2026-09-28,basemap-tiles,basemap-de-thueringen.pmtiles,18
2026-09-28,basemap-tiles,basemap-florida.pmtiles,18
2026-09-28,basemap-tiles,basemap-great-britain-wales.pmtiles,18
2026-09-28,basemap-tiles,basemap-italy-nord-ovest.pmtiles,18
2026-09-28,basemap-tiles,basemap-netherlands-gelderland.pmtiles,18
2026-09-28,basemap-tiles,basemap-netherlands-groningen.pmtiles,18
2026-09-28,basemap-tiles,basemap-texas.pmtiles,18
2026-09-28,road-features,australia-victoria.bin,18
2026-09-28,road-features,china.bin,18
2026-09-28,road-features,de-hamburg.bin,18
2026-09-28,obf-regions,alabama.obf,18
2026-09-28,obf-regions,australia-coral-sea-islands.obf,18
2026-09-28,obf-regions,florida.obf,18
2026-09-28,obf-regions,france-guyane.obf,18
2026-09-28,obf-regions,france-haute-normandie.obf,18
2026-09-28,obf-regions,france-lorraine.obf,18
2026-09-28,obf-regions,france-martinique.obf,18
2026-09-28,obf-regions,france-mayotte.obf,18
2026-09-28,obf-regions,france-picardie.obf,18
2026-09-28,obf-regions,france-poitou-charentes.obf,18
2026-09-28,obf-regions,greece.obf,18
2026-09-28,obf-regions,illinois.obf,18
2026-09-28,obf-regions,india-northern-zone.obf,18
2026-09-28,obf-regions,netherlands-flevoland.obf,18
2026-09-28,obf-regions,portugal.obf,18
2026-09-28,obf-regions,spain-pais-vasco.obf,18
2026-09-28,poi-packs,malaysia-singapore-brunei.zip,18
2026-09-28,poi-packs,romania.zip,18
2026-09-28,basemap-tiles,basemap-de-niedersachsen.pmtiles,17
2026-09-28,basemap-tiles,basemap-france-aquitaine.pmtiles,17
2026-09-28,basemap-tiles,basemap-illinois.pmtiles,17
2026-09-28,basemap-tiles,basemap-netherlands-drenthe.pmtiles,17
2026-09-28,basemap-tiles,basemap-netherlands-limburg.pmtiles,17
2026-09-28,basemap-tiles,basemap-netherlands-overijssel.pmtiles,17
2026-09-28,road-features,finland.bin,17
2026-09-28,road-features,france-basse-normandie.bin,17
2026-09-28,road-features,kentucky.bin,17
2026-09-28,obf-regions,australia-act.obf,17
2026-09-28,obf-regions,australia-heard-mcdonald.obf,17
2026-09-28,obf-regions,france-limousin.obf,17
2026-09-28,obf-regions,india-western-zone.obf,17
2026-09-28,obf-regions,iraq.obf,17
2026-09-28,obf-regions,mexico.obf,17
2026-09-28,obf-regions,netherlands-groningen.obf,17
2026-09-28,obf-regions,netherlands-noord-holland.obf,17
2026-09-28,obf-regions,spain-la-rioja.obf,17
2026-09-28,obf-regions,spain-melilla.obf,17
2026-09-28,obf-regions,spain-navarra.obf,17
2026-09-28,poi-packs,bulgaria.zip,17
2026-09-28,poi-packs,finland.zip,17
2026-09-28,poi-packs,hungary.zip,17
2026-09-28,poi-packs,sweden.zip,17
2026-09-28,basemap-tiles,basemap-california-norcal.pmtiles,16
2026-09-28,basemap-tiles,basemap-colorado.pmtiles,16
2026-09-28,basemap-tiles,basemap-de-brandenburg.pmtiles,16
2026-09-28,basemap-tiles,basemap-de-bremen.pmtiles,16
2026-09-28,basemap-tiles,basemap-de-mecklenburg-vorpommern.pmtiles,16
2026-09-28,basemap-tiles,basemap-france-provence-alpes-cote-d-azur.pmtiles,16
2026-09-28,basemap-tiles,basemap-india-southern-zone.pmtiles,16
2026-09-28,basemap-tiles,basemap-italy-isole.pmtiles,16
2026-09-28,basemap-tiles,basemap-spain-cataluna.pmtiles,16
2026-09-28,basemap-tiles,basemap-washington.pmtiles,16
2026-09-28,road-features,de-schleswig-holstein.bin,16
2026-09-28,road-features,netherlands-utrecht.bin,16
2026-09-28,road-features,poland-lodzkie.bin,16
2026-09-28,road-features,spain-castilla-la-mancha.bin,16
2026-09-28,road-features,taiwan.bin,16
2026-09-28,road-features,utah.bin,16
2026-09-28,obf-regions,netherlands-drenthe.obf,16
2026-09-28,obf-regions,netherlands-friesland.obf,16
2026-09-28,obf-regions,netherlands-gelderland.obf,16
2026-09-28,obf-regions,netherlands-limburg.obf,16
2026-09-28,obf-regions,netherlands-overijssel.obf,16
2026-09-28,obf-regions,netherlands-utrecht.obf,16
2026-09-28,obf-regions,new-mexico.obf,16
2026-09-28,obf-regions,washington.obf,16
2026-09-28,poi-packs,argentina.zip,16
2026-09-28,poi-packs,colorado.zip,16
2026-09-28,poi-packs,egypt.zip,16
2026-09-28,poi-packs,japan.zip,16
2026-09-28,poi-packs,michigan.zip,16
2026-09-28,basemap-tiles,basemap-alberta.pmtiles,15
2026-09-28,basemap-tiles,basemap-australia-new-south-wales.pmtiles,15
2026-09-28,basemap-tiles,basemap-british-columbia.pmtiles,15
2026-09-28,basemap-tiles,basemap-bulgaria.pmtiles,15
2026-09-28,basemap-tiles,basemap-czech-republic-karlovarsky.pmtiles,15
2026-09-28,basemap-tiles,basemap-de-saarland.pmtiles,15
2026-09-28,basemap-tiles,basemap-italy-sud.pmtiles,15
2026-09-28,road-features,de-mecklenburg-vorpommern.bin,15
2026-09-28,road-features,france-poitou-charentes.bin,15
2026-09-28,road-features,india-eastern-zone.bin,15
2026-09-28,road-features,indonesia-java.bin,15
2026-09-28,road-features,oklahoma.bin,15
2026-09-28,road-features,ontario.bin,15
2026-09-28,road-features,poland-podlaskie.bin,15
2026-09-28,obf-regions,australia-south-australia.obf,15
2026-09-28,obf-regions,belgium.obf,15
2026-09-28,obf-regions,brazil-sul.obf,15
2026-09-28,obf-regions,british-columbia.obf,15
2026-09-28,obf-regions,colorado.obf,15
2026-09-28,obf-regions,japan-chubu.obf,15
2026-09-28,obf-regions,netherlands-noord-brabant.obf,15
2026-09-28,obf-regions,ohio.obf,15
2026-09-28,obf-regions,quebec.obf,15
2026-09-28,poi-packs,california.zip,15
2026-09-28,poi-packs,new-mexico.zip,15
2026-09-28,poi-packs,thailand.zip,15
2026-09-28,basemap-tiles,basemap-alabama.pmtiles,14
2026-09-28,basemap-tiles,basemap-austria.pmtiles,14
2026-09-28,basemap-tiles,basemap-de-sachsen-anhalt.pmtiles,14
2026-09-28,basemap-tiles,basemap-de-schleswig-holstein.pmtiles,14
2026-09-28,basemap-tiles,basemap-france-bretagne.pmtiles,14
2026-09-28,basemap-tiles,basemap-france-rhone-alpes.pmtiles,14
2026-09-28,basemap-tiles,basemap-iran.pmtiles,14
2026-09-28,basemap-tiles,basemap-kiribati.pmtiles,14
2026-09-28,basemap-tiles,basemap-netherlands-zuid-holland.pmtiles,14
2026-09-28,basemap-tiles,basemap-ohio.pmtiles,14
2026-09-28,basemap-tiles,basemap-south-carolina.pmtiles,14
2026-09-28,basemap-tiles,basemap-spain-castilla-la-mancha.pmtiles,14
2026-09-28,basemap-tiles,basemap-spain-ceuta.pmtiles,14
2026-09-28,basemap-tiles,basemap-spain-islas-baleares.pmtiles,14
2026-09-28,road-features,austria.bin,14
2026-09-28,road-features,bahamas.bin,14
2026-09-28,road-features,czech-republic-praha.bin,14
2026-09-28,road-features,netherlands-noord-brabant.bin,14
2026-09-28,road-features,spain-extremadura.bin,14
2026-09-28,obf-regions,australia-victoria.obf,14
2026-09-28,obf-regions,gcc-states.obf,14
2026-09-28,obf-regions,netherlands-zeeland.obf,14
2026-09-28,poi-packs,alaska.zip,14
2026-09-28,poi-packs,indiana.zip,14
2026-09-28,poi-packs,indonesia.zip,14
2026-09-28,poi-packs,slovenia.zip,14
2026-09-28,basemap-tiles,basemap-australia-christmas-island.pmtiles,13
2026-09-28,basemap-tiles,basemap-australia-cocos-islands.pmtiles,13
2026-09-28,basemap-tiles,basemap-brazil-nordeste.pmtiles,13
2026-09-28,basemap-tiles,basemap-brazil-sul.pmtiles,13
2026-09-28,basemap-tiles,basemap-czech-republic-liberecky.pmtiles,13
2026-09-28,basemap-tiles,basemap-czech-republic-plzensky.pmtiles,13
2026-09-28,basemap-tiles,basemap-france-auvergne.pmtiles,13
2026-09-28,basemap-tiles,basemap-france-centre.pmtiles,13
2026-09-28,basemap-tiles,basemap-france-corse.pmtiles,13
2026-09-28,basemap-tiles,basemap-france-franche-comte.pmtiles,13
2026-09-28,basemap-tiles,basemap-france-languedoc-roussillon.pmtiles,13
2026-09-28,basemap-tiles,basemap-france-reunion.pmtiles,13
2026-09-28,basemap-tiles,basemap-india-northern-zone.pmtiles,13
2026-09-28,basemap-tiles,basemap-portugal.pmtiles,13
2026-09-28,basemap-tiles,basemap-spain-castilla-y-leon.pmtiles,13
2026-09-28,basemap-tiles,basemap-spain-extremadura.pmtiles,13
2026-09-28,basemap-tiles,basemap-spain-melilla.pmtiles,13
2026-09-28,basemap-tiles,basemap-west-virginia.pmtiles,13
2026-09-28,road-features,alaska.bin,13
2026-09-28,road-features,australia-western-australia.bin,13
2026-09-28,road-features,france-bretagne.bin,13
2026-09-28,road-features,italy-isole.bin,13
2026-09-28,road-features,philippines.bin,13
2026-09-28,road-features,spain-valencia.bin,13
2026-09-28,obf-regions,arizona.obf,13
2026-09-28,obf-regions,arkansas.obf,13
2026-09-28,obf-regions,bulgaria.obf,13
2026-09-28,obf-regions,egypt.obf,13
2026-09-28,obf-regions,indonesia-java.obf,13
2026-09-28,obf-regions,japan-kansai.obf,13
2026-09-28,obf-regions,south-carolina.obf,13
2026-09-28,obf-regions,switzerland.obf,13
2026-09-28,poi-packs,brazil.delta.zip,13
2026-09-28,poi-packs,denmark.zip,13
2026-09-28,poi-packs,serbia.zip,13
2026-09-28,poi-packs,ukraine.zip,13
2026-09-28,poi-packs,vietnam.zip,13
2026-09-28,basemap-tiles,basemap-australia-norfolk-island.pmtiles,12
2026-09-28,basemap-tiles,basemap-central-fed-district.pmtiles,12
2026-09-28,basemap-tiles,basemap-france-basse-normandie.pmtiles,12
2026-09-28,basemap-tiles,basemap-france-bourgogne.pmtiles,12
2026-09-28,basemap-tiles,basemap-france-guadeloupe.pmtiles,12
2026-09-28,basemap-tiles,basemap-france-guyane.pmtiles,12
2026-09-28,basemap-tiles,basemap-france-martinique.pmtiles,12
2026-09-28,basemap-tiles,basemap-france-nord-pas-de-calais.pmtiles,12
2026-09-28,basemap-tiles,basemap-france-pays-de-la-loire.pmtiles,12
2026-09-28,basemap-tiles,basemap-great-britain-scotland.pmtiles,12
2026-09-28,basemap-tiles,basemap-greece.pmtiles,12
2026-09-28,basemap-tiles,basemap-iraq.pmtiles,12
2026-09-28,basemap-tiles,basemap-malaysia-singapore-brunei.pmtiles,12
2026-09-28,basemap-tiles,basemap-mexico.pmtiles,12
2026-09-28,basemap-tiles,basemap-michigan.pmtiles,12
2026-09-28,basemap-tiles,basemap-monaco.pmtiles,12
2026-09-28,basemap-tiles,basemap-netherlands-flevoland.pmtiles,12
2026-09-28,basemap-tiles,basemap-netherlands-friesland.pmtiles,12
2026-09-28,basemap-tiles,basemap-netherlands-utrecht.pmtiles,12
2026-09-28,basemap-tiles,basemap-spain-galicia.pmtiles,12
2026-09-28,road-features,connecticut.bin,12
2026-09-28,road-features,france-aquitaine.bin,12
2026-09-28,road-features,france-picardie.bin,12
2026-09-28,road-features,iowa.bin,12
2026-09-28,road-features,iraq.bin,12
2026-09-28,road-features,spain-galicia.bin,12
2026-09-28,road-features,spain-murcia.bin,12
2026-09-28,road-features,thailand.bin,12
2026-09-28,obf-regions,afghanistan.obf,12
2026-09-28,obf-regions,argentina.obf,12
2026-09-28,obf-regions,australia-christmas-island.obf,12
2026-09-28,obf-regions,australia-cocos-islands.obf,12
2026-09-28,obf-regions,brazil-sudeste.obf,12
2026-09-28,obf-regions,haiti-and-domrep.obf,12
2026-09-28,obf-regions,poland-lubelskie.obf,12
2026-09-28,obf-regions,tennessee.obf,12
2026-09-28,poi-packs,arkansas.zip,12
2026-09-28,poi-packs,israel-and-palestine.zip,12
2026-09-28,poi-packs,massachusetts.zip,12
2026-09-28,poi-packs,mississippi.zip,12
2026-09-28,poi-packs,missouri.zip,12
2026-09-28,poi-packs,utah.zip,12
2026-09-28,poi-packs,wyoming.zip,12
2026-09-28,basemap-tiles,basemap-australia-ashmore-cartier.pmtiles,11
2026-09-28,basemap-tiles,basemap-bangladesh.pmtiles,11
2026-09-28,basemap-tiles,basemap-czech-republic-ustecky.pmtiles,11
2026-09-28,basemap-tiles,basemap-france-champagne-ardenne.pmtiles,11
2026-09-28,basemap-tiles,basemap-france-haute-normandie.pmtiles,11
2026-09-28,basemap-tiles,basemap-france-mayotte.pmtiles,11
2026-09-28,basemap-tiles,basemap-france-midi-pyrenees.pmtiles,11
2026-09-28,basemap-tiles,basemap-idaho.pmtiles,11
2026-09-28,basemap-tiles,basemap-india-western-zone.pmtiles,11
2026-09-28,basemap-tiles,basemap-luxembourg.pmtiles,11
2026-09-28,basemap-tiles,basemap-netherlands-noord-brabant.pmtiles,11
2026-09-28,basemap-tiles,basemap-netherlands-noord-holland.pmtiles,11
2026-09-28,basemap-tiles,basemap-netherlands-zeeland.pmtiles,11
2026-09-28,basemap-tiles,basemap-new-mexico.pmtiles,11
2026-09-28,basemap-tiles,basemap-ontario.pmtiles,11
2026-09-28,basemap-tiles,basemap-quebec.pmtiles,11
2026-09-28,basemap-tiles,basemap-spain-andalucia.pmtiles,11
2026-09-28,basemap-tiles,basemap-spain-asturias.pmtiles,11
2026-09-28,basemap-tiles,basemap-spain-cantabria.pmtiles,11
2026-09-28,basemap-tiles,basemap-spain-madrid.pmtiles,11
2026-09-28,basemap-tiles,basemap-spain-valencia.pmtiles,11
2026-09-28,basemap-tiles,basemap-virginia.pmtiles,11
2026-09-28,road-features,afghanistan.bin,11
2026-09-28,road-features,arkansas.bin,11
2026-09-28,road-features,france-auvergne.bin,11
2026-09-28,road-features,france-bourgogne.bin,11
2026-09-28,road-features,ireland-and-northern-ireland.bin,11
2026-09-28,road-features,japan-kansai.bin,11
2026-09-28,road-features,kansas.bin,11
2026-09-28,road-features,nepal.bin,11
2026-09-28,road-features,netherlands-overijssel.bin,11
2026-09-28,road-features,norway-ostlandet.bin,11
2026-09-28,road-features,poland-lubelskie.bin,11
2026-09-28,road-features,poland-wielkopolskie.bin,11
2026-09-28,road-features,spain-aragon.bin,11
2026-09-28,road-features,spain-asturias.bin,11
2026-09-28,road-features,spain-islas-baleares.bin,11
2026-09-28,road-features,spain-pais-vasco.bin,11
2026-09-28,road-features,vermont.bin,11
2026-09-28,road-features,vietnam.bin,11
2026-09-28,obf-regions,andorra.obf,11
2026-09-28,obf-regions,india-central-zone.obf,11
2026-09-28,obf-regions,malaysia-singapore-brunei.obf,11
2026-09-28,obf-regions,michigan.obf,11
2026-09-28,obf-regions,north-carolina.obf,11
2026-09-28,obf-regions,poland-mazowieckie.obf,11
2026-09-28,obf-regions,poland-slaskie.obf,11
2026-09-28,obf-regions,vietnam.obf,11
2026-09-28,poi-packs,arizona.zip,11
2026-09-28,poi-packs,colombia.zip,11
2026-09-28,poi-packs,croatia.zip,11
2026-09-28,poi-packs,ireland-and-northern-ireland.zip,11
2026-09-28,poi-packs,nevada.zip,11
2026-09-28,basemap-tiles,basemap-australia-south-australia.pmtiles,10
2026-09-28,basemap-tiles,basemap-australia-victoria.pmtiles,10
2026-09-28,basemap-tiles,basemap-brazil-sudeste.pmtiles,10
2026-09-28,basemap-tiles,basemap-connecticut.pmtiles,10
2026-09-28,basemap-tiles,basemap-france-lorraine.pmtiles,10
2026-09-28,basemap-tiles,basemap-france-picardie.pmtiles,10
2026-09-28,basemap-tiles,basemap-france-poitou-charentes.pmtiles,10
2026-09-28,basemap-tiles,basemap-nevada.pmtiles,10
2026-09-28,basemap-tiles,basemap-oklahoma.pmtiles,10
2026-09-28,basemap-tiles,basemap-poland-mazowieckie.pmtiles,10
2026-09-28,basemap-tiles,basemap-spain-aragon.pmtiles,10
2026-09-28,basemap-tiles,basemap-spain-la-rioja.pmtiles,10
2026-09-28,basemap-tiles,basemap-spain-murcia.pmtiles,10
2026-09-28,basemap-tiles,basemap-tennessee.pmtiles,10
2026-09-28,road-features,cambodia.bin,10
2026-09-28,road-features,czech-republic-moravskoslezky.bin,10
2026-09-28,road-features,de-sachsen.bin,10
2026-09-28,road-features,gcc-states.bin,10
2026-09-28,road-features,morocco.bin,10
2026-09-28,road-features,netherlands-gelderland.bin,10
2026-09-28,road-features,serbia.bin,10
2026-09-28,road-features,uruguay.bin,10
2026-09-28,road-features,volga-fed-district.bin,10
2026-09-28,obf-regions,australia-norfolk-island.obf,10
2026-09-28,obf-regions,australia-northern-territory.obf,10
2026-09-28,obf-regions,australia-queensland.obf,10
2026-09-28,obf-regions,australia-western-australia.obf,10
2026-09-28,obf-regions,austria.obf,10
2026-09-28,obf-regions,central-fed-district.obf,10
2026-09-28,obf-regions,croatia.obf,10
2026-09-28,obf-regions,india-eastern-zone.obf,10
2026-09-28,obf-regions,slovenia.obf,10
2026-09-28,obf-regions,utah.obf,10
2026-09-28,obf-regions,virginia.obf,10
2026-09-28,obf-regions,west-virginia.obf,10
2026-09-28,poi-packs,connecticut.zip,10
2026-09-28,poi-packs,idaho.zip,10
2026-09-28,poi-packs,kentucky.zip,10
2026-09-28,poi-packs,manitoba.zip,10
2026-09-28,poi-packs,north-carolina.delta.zip,10
2026-09-28,poi-packs,oregon.zip,10
2026-09-28,poi-packs,saskatchewan.zip,10
2026-09-28,basemap-tiles,basemap-czech-republic-praha.pmtiles,9
2026-09-28,basemap-tiles,basemap-egypt.pmtiles,9
2026-09-28,basemap-tiles,basemap-france-limousin.pmtiles,9
2026-09-28,basemap-tiles,basemap-gcc-states.pmtiles,9
2026-09-28,basemap-tiles,basemap-ile-de-clipperton.pmtiles,9
2026-09-28,basemap-tiles,basemap-indonesia-java.pmtiles,9
2026-09-28,basemap-tiles,basemap-mississippi.pmtiles,9
2026-09-28,basemap-tiles,basemap-poland-kujawsko-pomorskie.pmtiles,9
2026-09-28,basemap-tiles,basemap-poland-lubelskie.pmtiles,9
2026-09-28,basemap-tiles,basemap-spain-pais-vasco.pmtiles,9
2026-09-28,basemap-tiles,basemap-switzerland.pmtiles,9
2026-09-28,road-features,australia-south-australia.bin,9
2026-09-28,road-features,colombia.bin,9
2026-09-28,road-features,de-brandenburg.bin,9
2026-09-28,road-features,france-haute-normandie.bin,9
2026-09-28,road-features,france-lorraine.bin,9
2026-09-28,road-features,idaho.bin,9
2026-09-28,road-features,japan-kanto.bin,9
2026-09-28,road-features,japan-tohoku.bin,9
2026-09-28,road-features,new-hampshire.bin,9
2026-09-28,road-features,slovakia.bin,9
2026-09-28,obf-regions,algeria.obf,9
2026-09-28,obf-regions,australia-tasmania.obf,9
2026-09-28,obf-regions,bahamas.obf,9
2026-09-28,obf-regions,canary-islands.obf,9
2026-09-28,obf-regions,indiana.obf,9
2026-09-28,obf-regions,japan-chugoku.obf,9
2026-09-28,obf-regions,nevada.obf,9
2026-09-28,obf-regions,new-brunswick.obf,9
2026-09-28,obf-regions,poland-wielkopolskie.obf,9
2026-09-28,obf-regions,prince-edward-island.obf,9
2026-09-28,poi-packs,bosnia-herzegovina.zip,9
2026-09-28,poi-packs,iowa.zip,9
2026-09-28,poi-packs,morocco.zip,9
2026-09-28,poi-packs,new-brunswick.zip,9
2026-09-28,poi-packs,new-jersey.delta.zip,9
2026-09-28,poi-packs,norway.zip,9
2026-09-28,poi-packs,oklahoma.zip,9
2026-09-28,poi-packs,prince-edward-island.zip,9
2026-09-28,poi-packs,uruguay.zip,9
2026-09-28,basemap-tiles,basemap-andorra.pmtiles,8
2026-09-28,basemap-tiles,basemap-arkansas.pmtiles,8
2026-09-28,basemap-tiles,basemap-australia-act.pmtiles,8
2026-09-28,basemap-tiles,basemap-bosnia-herzegovina.pmtiles,8
2026-09-28,basemap-tiles,basemap-cameroon.pmtiles,8
2026-09-28,basemap-tiles,basemap-czech-republic-stredocesky.pmtiles,8
2026-09-28,basemap-tiles,basemap-india-central-zone.pmtiles,8
2026-09-28,basemap-tiles,basemap-india-eastern-zone.pmtiles,8
2026-09-28,basemap-tiles,basemap-indiana.pmtiles,8
2026-09-28,basemap-tiles,basemap-iowa.pmtiles,8
2026-09-28,basemap-tiles,basemap-japan-chubu.pmtiles,8
2026-09-28,basemap-tiles,basemap-japan-kansai.pmtiles,8
2026-09-28,basemap-tiles,basemap-louisiana.pmtiles,8
2026-09-28,basemap-tiles,basemap-missouri.pmtiles,8
2026-09-28,basemap-tiles,basemap-nauru.pmtiles,8
2026-09-28,basemap-tiles,basemap-north-carolina.pmtiles,8
2026-09-28,basemap-tiles,basemap-poland-podkarpackie.pmtiles,8
2026-09-28,basemap-tiles,basemap-poland-pomorskie.pmtiles,8
2026-09-28,basemap-tiles,basemap-poland-wielkopolskie.pmtiles,8
2026-09-28,basemap-tiles,basemap-prince-edward-island.pmtiles,8
2026-09-28,basemap-tiles,basemap-slovenia.pmtiles,8
2026-09-28,basemap-tiles,basemap-spain-navarra.pmtiles,8
2026-09-28,basemap-tiles,basemap-tokelau.pmtiles,8
2026-09-28,basemap-tiles,basemap-turkmenistan.pmtiles,8
2026-09-28,basemap-tiles,basemap-utah.pmtiles,8
2026-09-28,road-features,australia-coral-sea-islands.bin,8
2026-09-28,road-features,canary-islands.bin,8
2026-09-28,road-features,czech-republic-jihomoravsky.bin,8
2026-09-28,road-features,france-champagne-ardenne.bin,8
2026-09-28,road-features,france-limousin.bin,8
2026-09-28,road-features,great-britain-scotland.bin,8
2026-09-28,road-features,japan-hokkaido.bin,8
2026-09-28,road-features,laos.bin,8
2026-09-28,road-features,mississippi.bin,8
2026-09-28,road-features,poland-kujawsko-pomorskie.bin,8
2026-09-28,road-features,poland-swietokrzyskie.bin,8
2026-09-28,road-features,poland-warminsko-mazurskie.bin,8
2026-09-28,road-features,ukraine.bin,8
2026-09-28,obf-regions,alaska.obf,8
2026-09-28,obf-regions,brazil-centro-oeste.obf,8
2026-09-28,obf-regions,cambodia.obf,8
2026-09-28,obf-regions,connecticut.obf,8
2026-09-28,obf-regions,crimean-fed-district.obf,8
2026-09-28,obf-regions,idaho.obf,8
2026-09-28,obf-regions,japan-kanto.obf,8
2026-09-28,obf-regions,japan-tohoku.obf,8
2026-09-28,obf-regions,kansas.obf,8
2026-09-28,obf-regions,mississippi.obf,8
2026-09-28,obf-regions,missouri.obf,8
2026-09-28,obf-regions,north-caucasus-fed-district.obf,8
2026-09-28,obf-regions,poland-dolnoslaskie.obf,8
2026-09-28,obf-regions,poland-kujawsko-pomorskie.obf,8
2026-09-28,obf-regions,poland-lodzkie.obf,8
2026-09-28,obf-regions,poland-malopolskie.obf,8
2026-09-28,obf-regions,poland-podkarpackie.obf,8
2026-09-28,obf-regions,poland-podlaskie.obf,8
2026-09-28,obf-regions,poland-pomorskie.obf,8
2026-09-28,obf-regions,poland-swietokrzyskie.obf,8
2026-09-28,obf-regions,poland-zachodniopomorskie.obf,8
2026-09-28,obf-regions,saskatchewan.obf,8
2026-09-28,obf-regions,volga-fed-district.obf,8
2026-09-28,poi-packs,czech-republic.zip,8
2026-09-28,poi-packs,kansas.zip,8
2026-09-28,poi-packs,louisiana.zip,8
2026-09-28,poi-packs,luxembourg.zip,8
2026-09-28,poi-packs,new-york.delta.zip,8
2026-09-28,poi-packs,northwest-territories.zip,8
2026-09-28,poi-packs,nova-scotia.zip,8
2026-09-28,poi-packs,rhode-island.zip,8
2026-09-28,basemap-tiles,basemap-angola.pmtiles,7
2026-09-28,basemap-tiles,basemap-australia-heard-mcdonald.pmtiles,7
2026-09-28,basemap-tiles,basemap-belgium.pmtiles,7
2026-09-28,basemap-tiles,basemap-brazil-centro-oeste.pmtiles,7
2026-09-28,basemap-tiles,basemap-brazil-norte.pmtiles,7
2026-09-28,basemap-tiles,basemap-czech-republic-vysocina.pmtiles,7
2026-09-28,basemap-tiles,basemap-india-north-eastern-zone.pmtiles,7
2026-09-28,basemap-tiles,basemap-japan-chugoku.pmtiles,7
2026-09-28,basemap-tiles,basemap-japan-hokkaido.pmtiles,7
2026-09-28,basemap-tiles,basemap-japan-kanto.pmtiles,7
2026-09-28,basemap-tiles,basemap-japan-tohoku.pmtiles,7
2026-09-28,basemap-tiles,basemap-kansas.pmtiles,7
2026-09-28,basemap-tiles,basemap-kentucky.pmtiles,7
2026-09-28,basemap-tiles,basemap-liechtenstein.pmtiles,7
2026-09-28,basemap-tiles,basemap-poland-podlaskie.pmtiles,7
2026-09-28,basemap-tiles,basemap-poland-slaskie.pmtiles,7
2026-09-28,basemap-tiles,basemap-rhode-island.pmtiles,7
2026-09-28,basemap-tiles,basemap-vermont.pmtiles,7
2026-09-28,basemap-tiles,basemap-wallis-et-futuna.pmtiles,7
2026-09-28,basemap-tiles,basemap-wisconsin.pmtiles,7
2026-09-28,road-features,bosnia-herzegovina.bin,7
2026-09-28,road-features,brazil-centro-oeste.bin,7
2026-09-28,road-features,croatia.bin,7
2026-09-28,road-features,czech-republic-olomoucky.bin,7
2026-09-28,road-features,czech-republic-plzensky.bin,7
2026-09-28,road-features,czech-republic-ustecky.bin,7
2026-09-28,road-features,indonesia-sumatra.bin,7
2026-09-28,road-features,italy.bin,7
2026-09-28,road-features,north-dakota.bin,7
2026-09-28,road-features,norway-sorlandet.bin,7
2026-09-28,road-features,poland-lubuskie.bin,7
2026-09-28,road-features,south-korea.bin,7
2026-09-28,obf-regions,brazil-norte.obf,7
2026-09-28,obf-regions,far-eastern-fed-district.obf,7
2026-09-28,obf-regions,finland.obf,7
2026-09-28,obf-regions,hungary.obf,7
2026-09-28,obf-regions,india-north-eastern-zone.obf,7
2026-09-28,obf-regions,indonesia-kalimantan.obf,7
2026-09-28,obf-regions,indonesia-maluku.obf,7
2026-09-28,obf-regions,indonesia-nusa-tenggara.obf,7
2026-09-28,obf-regions,indonesia-papua.obf,7
2026-09-28,obf-regions,indonesia-sumatra.obf,7
2026-09-28,obf-regions,iowa.obf,7
2026-09-28,obf-regions,ireland-and-northern-ireland.obf,7
2026-09-28,obf-regions,japan-hokkaido.obf,7
2026-09-28,obf-regions,japan-kyushu.obf,7
2026-09-28,obf-regions,japan-shikoku.obf,7
2026-09-28,obf-regions,kaliningrad.obf,7
2026-09-28,obf-regions,manitoba.obf,7
2026-09-28,obf-regions,massachusetts.obf,7
2026-09-28,obf-regions,morocco.obf,7
2026-09-28,obf-regions,nepal.obf,7
2026-09-28,obf-regions,newfoundland-and-labrador.obf,7
2026-09-28,obf-regions,northwest-territories.obf,7
2026-09-28,obf-regions,nova-scotia.obf,7
2026-09-28,obf-regions,nunavut.obf,7
2026-09-28,obf-regions,oklahoma.obf,7
2026-09-28,obf-regions,oregon.obf,7
2026-09-28,obf-regions,pakistan.obf,7
2026-09-28,obf-regions,poland-lubuskie.obf,7
2026-09-28,obf-regions,poland-opolskie.obf,7
2026-09-28,obf-regions,poland-warminsko-mazurskie.obf,7
2026-09-28,obf-regions,romania.obf,7
2026-09-28,obf-regions,siberian-fed-district.obf,7
2026-09-28,obf-regions,south-fed-district.obf,7
2026-09-28,obf-regions,taiwan.obf,7
2026-09-28,poi-packs,hawaii.zip,7
2026-09-28,poi-packs,maine.zip,7
2026-09-28,poi-packs,minnesota.zip,7
2026-09-28,poi-packs,montana.zip,7
2026-09-28,poi-packs,new-zealand.zip,7
2026-09-28,poi-packs,newfoundland-and-labrador.zip,7
2026-09-28,poi-packs,nunavut.zip,7
2026-09-28,poi-packs,pennsylvania.delta.zip,7
2026-09-28,poi-packs,philippines.zip,7
2026-09-28,poi-packs,taiwan.zip,7
2026-09-28,poi-packs,yukon.zip,7
2026-09-28,basemap-tiles,basemap-american-oceania.pmtiles,6
2026-09-28,basemap-tiles,basemap-argentina.pmtiles,6
2026-09-28,basemap-tiles,basemap-australia-northern-territory.pmtiles,6
2026-09-28,basemap-tiles,basemap-australia-queensland.pmtiles,6
2026-09-28,basemap-tiles,basemap-australia-tasmania.pmtiles,6
2026-09-28,basemap-tiles,basemap-australia-western-australia.pmtiles,6
2026-09-28,basemap-tiles,basemap-cambodia.pmtiles,6
2026-09-28,basemap-tiles,basemap-chile.pmtiles,6
2026-09-28,basemap-tiles,basemap-china-hong-kong.pmtiles,6
2026-09-28,basemap-tiles,basemap-colombia.pmtiles,6
2026-09-28,basemap-tiles,basemap-congo-brazzaville.pmtiles,6
2026-09-28,basemap-tiles,basemap-crimean-fed-district.pmtiles,6
2026-09-28,basemap-tiles,basemap-croatia.pmtiles,6
2026-09-28,basemap-tiles,basemap-czech-republic-kralovehradecky.pmtiles,6
2026-09-28,basemap-tiles,basemap-ecuador.pmtiles,6
2026-09-28,basemap-tiles,basemap-el-salvador.pmtiles,6
2026-09-28,basemap-tiles,basemap-far-eastern-fed-district.pmtiles,6
2026-09-28,basemap-tiles,basemap-finland.pmtiles,6
2026-09-28,basemap-tiles,basemap-haiti-and-domrep.pmtiles,6
2026-09-28,basemap-tiles,basemap-ireland-and-northern-ireland.pmtiles,6
2026-09-28,basemap-tiles,basemap-israel-and-palestine.pmtiles,6
2026-09-28,basemap-tiles,basemap-japan-kyushu.pmtiles,6
2026-09-28,basemap-tiles,basemap-japan-shikoku.pmtiles,6
2026-09-28,basemap-tiles,basemap-laos.pmtiles,6
2026-09-28,basemap-tiles,basemap-minnesota.pmtiles,6
2026-09-28,basemap-tiles,basemap-nepal.pmtiles,6
2026-09-28,basemap-tiles,basemap-new-brunswick.pmtiles,6
2026-09-28,basemap-tiles,basemap-new-zealand.pmtiles,6
2026-09-28,basemap-tiles,basemap-norway-nord-norge.pmtiles,6
2026-09-28,basemap-tiles,basemap-poland-dolnoslaskie.pmtiles,6
2026-09-28,basemap-tiles,basemap-poland-lodzkie.pmtiles,6
2026-09-28,basemap-tiles,basemap-poland-malopolskie.pmtiles,6
2026-09-28,basemap-tiles,basemap-sri-lanka.pmtiles,6
2026-09-28,basemap-tiles,basemap-taiwan.pmtiles,6
2026-09-28,basemap-tiles,basemap-tunisia.pmtiles,6
2026-09-28,basemap-tiles,basemap-vietnam.pmtiles,6
2026-09-28,basemap-tiles,basemap-volga-fed-district.pmtiles,6
2026-09-28,road-features,belarus.bin,6
2026-09-28,road-features,cyprus.bin,6
2026-09-28,road-features,czech-republic-stredocesky.bin,6
2026-09-28,road-features,de-saarland.bin,6
2026-09-28,road-features,france-corse.bin,6
2026-09-28,road-features,japan.bin,6
2026-09-28,road-features,kazakhstan.bin,6
2026-09-28,road-features,lithuania.bin,6
2026-09-28,road-features,louisiana.bin,6
2026-09-28,road-features,maine.bin,6
2026-09-28,road-features,netherlands-drenthe.bin,6
2026-09-28,road-features,peru.bin,6
2026-09-28,road-features,poland-malopolskie.bin,6
2026-09-28,road-features,poland-opolskie.bin,6
2026-09-28,road-features,poland-podkarpackie.bin,6
2026-09-28,road-features,saskatchewan.bin,6
2026-09-28,road-features,south-fed-district.bin,6
2026-09-28,road-features,spain-cantabria.bin,6
2026-09-28,road-features,spain-la-rioja.bin,6
2026-09-28,road-features,tunisia.bin,6
2026-09-28,road-features,venezuela.bin,6
2026-09-28,obf-regions,armenia.obf,6
2026-09-28,obf-regions,australia.obf,6
2026-09-28,obf-regions,azerbaijan.obf,6
2026-09-28,obf-regions,bosnia-herzegovina.obf,6
2026-09-28,obf-regions,colombia.obf,6
2026-09-28,obf-regions,denmark.obf,6
2026-09-28,obf-regions,indonesia-sulawesi.obf,6
2026-09-28,obf-regions,kentucky.obf,6
2026-09-28,obf-regions,minnesota.obf,6
2026-09-28,obf-regions,northwestern-fed-district.obf,6
2026-09-28,obf-regions,rhode-island.obf,6
2026-09-28,obf-regions,serbia.obf,6
2026-09-28,obf-regions,sweden.obf,6
2026-09-28,obf-regions,wisconsin.obf,6
2026-09-28,obf-regions,yukon.obf,6
2026-09-28,poi-packs,chile.zip,6
2026-09-28,poi-packs,georgia.delta.zip,6
2026-09-28,poi-packs,italy.delta.zip,6
2026-09-28,poi-packs,montenegro.zip,6
2026-09-28,poi-packs,nebraska.zip,6
2026-09-28,poi-packs,new-hampshire.zip,6
2026-09-28,poi-packs,north-dakota.zip,6
2026-09-28,poi-packs,peru.zip,6
2026-09-28,poi-packs,slovakia.zip,6
2026-09-28,basemap-tiles,basemap-algeria.pmtiles,5
2026-09-28,basemap-tiles,basemap-arizona.pmtiles,5
2026-09-28,basemap-tiles,basemap-australia.pmtiles,5
2026-09-28,basemap-tiles,basemap-bahamas.pmtiles,5
2026-09-28,basemap-tiles,basemap-belize.pmtiles,5
2026-09-28,basemap-tiles,basemap-burundi.pmtiles,5
2026-09-28,basemap-tiles,basemap-central-african-republic.pmtiles,5
2026-09-28,basemap-tiles,basemap-czech-republic-jihocesky.pmtiles,5
2026-09-28,basemap-tiles,basemap-czech-republic-jihomoravsky.pmtiles,5
2026-09-28,basemap-tiles,basemap-equatorial-guinea.pmtiles,5
2026-09-28,basemap-tiles,basemap-guatemala.pmtiles,5
2026-09-28,basemap-tiles,basemap-honduras.pmtiles,5
2026-09-28,basemap-tiles,basemap-hungary.pmtiles,5
2026-09-28,basemap-tiles,basemap-isle-of-man.pmtiles,5
2026-09-28,basemap-tiles,basemap-jordan.pmtiles,5
2026-09-28,basemap-tiles,basemap-maine.pmtiles,5
2026-09-28,basemap-tiles,basemap-mali.pmtiles,5
2026-09-28,basemap-tiles,basemap-manitoba.pmtiles,5
2026-09-28,basemap-tiles,basemap-massachusetts.pmtiles,5
2026-09-28,basemap-tiles,basemap-montenegro.pmtiles,5
2026-09-28,basemap-tiles,basemap-new-hampshire.pmtiles,5
2026-09-28,basemap-tiles,basemap-newfoundland-and-labrador.pmtiles,5
2026-09-28,basemap-tiles,basemap-north-korea.pmtiles,5
2026-09-28,basemap-tiles,basemap-northwest-territories.pmtiles,5
2026-09-28,basemap-tiles,basemap-norway-sorlandet.pmtiles,5
2026-09-28,basemap-tiles,basemap-nova-scotia.pmtiles,5
2026-09-28,basemap-tiles,basemap-nunavut.pmtiles,5
2026-09-28,basemap-tiles,basemap-oregon.pmtiles,5
2026-09-28,basemap-tiles,basemap-peru.pmtiles,5
2026-09-28,basemap-tiles,basemap-poland-lubuskie.pmtiles,5
2026-09-28,basemap-tiles,basemap-poland-opolskie.pmtiles,5
2026-09-28,basemap-tiles,basemap-poland-swietokrzyskie.pmtiles,5
2026-09-28,basemap-tiles,basemap-poland-warminsko-mazurskie.pmtiles,5
2026-09-28,basemap-tiles,basemap-poland-zachodniopomorskie.pmtiles,5
2026-09-28,basemap-tiles,basemap-poland.pmtiles,5
2026-09-28,basemap-tiles,basemap-saskatchewan.pmtiles,5
2026-09-28,basemap-tiles,basemap-syria.pmtiles,5
2026-09-28,basemap-tiles,basemap-uruguay.pmtiles,5
2026-09-28,basemap-tiles,basemap-wyoming.pmtiles,5
2026-09-28,road-features,algeria.bin,5
2026-09-28,road-features,czech-republic-zlinsky.bin,5
2026-09-28,road-features,ecuador.bin,5
2026-09-28,road-features,haiti-and-domrep.bin,5
2026-09-28,road-features,kiribati.bin,5
2026-09-28,road-features,liechtenstein.bin,5
2026-09-28,road-features,luxembourg.bin,5
2026-09-28,road-features,montana.bin,5
2026-09-28,road-features,netherlands-flevoland.bin,5
2026-09-28,road-features,new-zealand.bin,5
2026-09-28,road-features,puerto-rico.bin,5
2026-09-28,road-features,rhode-island.bin,5
2026-09-28,road-features,wyoming.bin,5
2026-09-28,obf-regions,albania.obf,5
2026-09-28,obf-regions,american-oceania.obf,5
2026-09-28,obf-regions,angola.obf,5
2026-09-28,obf-regions,azores.obf,5
2026-09-28,obf-regions,belarus.obf,5
2026-09-28,obf-regions,china-anhui.obf,5
2026-09-28,obf-regions,china-beijing.obf,5
2026-09-28,obf-regions,cyprus.obf,5
2026-09-28,obf-regions,hawaii.obf,5
2026-09-28,obf-regions,israel-and-palestine.obf,5
2026-09-28,obf-regions,louisiana.obf,5
2026-09-28,obf-regions,luxembourg.obf,5
2026-09-28,obf-regions,maine.obf,5
2026-09-28,obf-regions,montana.obf,5
2026-09-28,obf-regions,nebraska.obf,5
2026-09-28,obf-regions,netherlands.obf,5
2026-09-28,obf-regions,new-zealand.obf,5
2026-09-28,obf-regions,norway-nord-norge.obf,5
2026-09-28,obf-regions,norway-sorlandet.obf,5
2026-09-28,obf-regions,philippines.obf,5
2026-09-28,obf-regions,poland.obf,5
2026-09-28,obf-regions,slovakia.obf,5
2026-09-28,obf-regions,tunisia.obf,5
2026-09-28,obf-regions,ural-fed-district.obf,5
2026-09-28,obf-regions,wyoming.obf,5
2026-09-28,poi-packs,belarus.zip,5
2026-09-28,poi-packs,delaware.delta.zip,5
2026-09-28,poi-packs,estonia.zip,5
2026-09-28,poi-packs,florida.delta.zip,5
2026-09-28,poi-packs,illinois.delta.zip,5
2026-09-28,poi-packs,india.delta.zip,5
2026-09-28,poi-packs,lithuania.zip,5
2026-09-28,poi-packs,moldova.zip,5
2026-09-28,poi-packs,paraguay.zip,5
2026-09-28,poi-packs,south-carolina.delta.zip,5
2026-09-28,poi-packs,south-dakota.zip,5
2026-09-28,poi-packs,tennessee.delta.zip,5
2026-09-28,poi-packs,vermont.zip,5
2026-09-28,basemap-tiles,basemap-alaska.pmtiles,4
2026-09-28,basemap-tiles,basemap-belarus.pmtiles,4
2026-09-28,basemap-tiles,basemap-bhutan.pmtiles,4
2026-09-28,basemap-tiles,basemap-canary-islands.pmtiles,4
2026-09-28,basemap-tiles,basemap-china-qinghai.pmtiles,4
2026-09-28,basemap-tiles,basemap-china-tianjin.pmtiles,4
2026-09-28,basemap-tiles,basemap-congo-democratic-republic.pmtiles,4
2026-09-28,basemap-tiles,basemap-cook-islands.pmtiles,4
2026-09-28,basemap-tiles,basemap-costa-rica.pmtiles,4
2026-09-28,basemap-tiles,basemap-czech-republic-moravskoslezky.pmtiles,4
2026-09-28,basemap-tiles,basemap-denmark.pmtiles,4
2026-09-28,basemap-tiles,basemap-east-timor.pmtiles,4
2026-09-28,basemap-tiles,basemap-eritrea.pmtiles,4
2026-09-28,basemap-tiles,basemap-guyana.pmtiles,4
2026-09-28,basemap-tiles,basemap-hawaii.pmtiles,4
2026-09-28,basemap-tiles,basemap-indonesia-kalimantan.pmtiles,4
2026-09-28,basemap-tiles,basemap-indonesia-maluku.pmtiles,4
2026-09-28,basemap-tiles,basemap-indonesia-nusa-tenggara.pmtiles,4
2026-09-28,basemap-tiles,basemap-indonesia-papua.pmtiles,4
2026-09-28,basemap-tiles,basemap-indonesia-sulawesi.pmtiles,4
2026-09-28,basemap-tiles,basemap-indonesia-sumatra.pmtiles,4
2026-09-28,basemap-tiles,basemap-kaliningrad.pmtiles,4
2026-09-28,basemap-tiles,basemap-moldova.pmtiles,4
2026-09-28,basemap-tiles,basemap-montana.pmtiles,4
2026-09-28,basemap-tiles,basemap-morocco.pmtiles,4
2026-09-28,basemap-tiles,basemap-nebraska.pmtiles,4
2026-09-28,basemap-tiles,basemap-netherlands.pmtiles,4
2026-09-28,basemap-tiles,basemap-nicaragua.pmtiles,4
2026-09-28,basemap-tiles,basemap-northwestern-fed-district.pmtiles,4
2026-09-28,basemap-tiles,basemap-norway-ostlandet.pmtiles,4
2026-09-28,basemap-tiles,basemap-norway-svalbard-janmayen.pmtiles,4
2026-09-28,basemap-tiles,basemap-norway-trondelag.pmtiles,4
2026-09-28,basemap-tiles,basemap-norway-vestlandet.pmtiles,4
2026-09-28,basemap-tiles,basemap-norway.pmtiles,4
2026-09-28,basemap-tiles,basemap-paraguay.pmtiles,4
2026-09-28,basemap-tiles,basemap-romania.pmtiles,4
2026-09-28,basemap-tiles,basemap-seychelles.pmtiles,4
2026-09-28,basemap-tiles,basemap-siberian-fed-district.pmtiles,4
2026-09-28,basemap-tiles,basemap-south-africa.pmtiles,4
2026-09-28,basemap-tiles,basemap-south-fed-district.pmtiles,4
2026-09-28,basemap-tiles,basemap-sweden.pmtiles,4
2026-09-28,basemap-tiles,basemap-thailand.pmtiles,4
2026-09-28,basemap-tiles,basemap-tonga.pmtiles,4
2026-09-28,basemap-tiles,basemap-venezuela.pmtiles,4
2026-09-28,basemap-tiles,basemap-yukon.pmtiles,4
2026-09-28,road-features,albania.bin,4
2026-09-28,road-features,australia-queensland.bin,4
2026-09-28,road-features,australia.bin,4
2026-09-28,road-features,azerbaijan.bin,4
2026-09-28,road-features,bolivia.bin,4
2026-09-28,road-features,china-beijing.bin,4
2026-09-28,road-features,china-hong-kong.bin,4
2026-09-28,road-features,congo-democratic-republic.bin,4
2026-09-28,road-features,czech-republic-kralovehradecky.bin,4
2026-09-28,road-features,czech-republic-vysocina.bin,4
2026-09-28,road-features,de-bremen.bin,4
2026-09-28,road-features,estonia.bin,4
2026-09-28,road-features,fiji.bin,4
2026-09-28,road-features,guernsey-jersey.bin,4
2026-09-28,road-features,hawaii.bin,4
2026-09-28,road-features,iceland.bin,4
2026-09-28,road-features,malta.bin,4
2026-09-28,road-features,montenegro.bin,4
2026-09-28,road-features,myanmar.bin,4
2026-09-28,road-features,nebraska.bin,4
2026-09-28,road-features,netherlands-groningen.bin,4
2026-09-28,road-features,netherlands-zeeland.bin,4
2026-09-28,road-features,new-brunswick.bin,4
2026-09-28,road-features,north-korea.bin,4
2026-09-28,road-features,poland-dolnoslaskie.bin,4
2026-09-28,road-features,poland-pomorskie.bin,4
2026-09-28,road-features,south-dakota.bin,4
2026-09-28,road-features,spain-ceuta.bin,4
2026-09-28,road-features,spain-navarra.bin,4
2026-09-28,road-features,sri-lanka.bin,4
2026-09-28,road-features,syria.bin,4
2026-09-28,road-features,uganda.bin,4
2026-09-28,road-features,zambia.bin,4
2026-09-28,obf-regions,bolivia.obf,4
2026-09-28,obf-regions,burkina-faso.obf,4
2026-09-28,obf-regions,chile.obf,4
2026-09-28,obf-regions,china-hong-kong.obf,4
2026-09-28,obf-regions,china-hunan.obf,4
2026-09-28,obf-regions,congo-brazzaville.obf,4
2026-09-28,obf-regions,czech-republic-jihocesky.obf,4
2026-09-28,obf-regions,czech-republic-jihomoravsky.obf,4
2026-09-28,obf-regions,czech-republic-karlovarsky.obf,4
2026-09-28,obf-regions,czech-republic-ustecky.obf,4
2026-09-28,obf-regions,czech-republic-vysocina.obf,4
2026-09-28,obf-regions,ecuador.obf,4
2026-09-28,obf-regions,el-salvador.obf,4
2026-09-28,obf-regions,estonia.obf,4
2026-09-28,obf-regions,ethiopia.obf,4
2026-09-28,obf-regions,laos.obf,4
2026-09-28,obf-regions,lebanon.obf,4
2026-09-28,obf-regions,mali.obf,4
2026-09-28,obf-regions,montenegro.obf,4
2026-09-28,obf-regions,new-hampshire.obf,4
2026-09-28,obf-regions,north-dakota.obf,4
2026-09-28,obf-regions,norway-ostlandet.obf,4
2026-09-28,obf-regions,norway-svalbard-janmayen.obf,4
2026-09-28,obf-regions,norway-trondelag.obf,4
2026-09-28,obf-regions,norway-vestlandet.obf,4
2026-09-28,obf-regions,south-dakota.obf,4
2026-09-28,obf-regions,thailand.obf,4
2026-09-28,obf-regions,ukraine.obf,4
2026-09-28,poi-packs,albania.zip,4
2026-09-28,poi-packs,arkansas.delta.zip,4
2026-09-28,poi-packs,austria.delta.zip,4
2026-09-28,poi-packs,bolivia.zip,4
2026-09-28,poi-packs,israel-and-palestine.delta.zip,4
2026-09-28,poi-packs,maryland.delta.zip,4
2026-09-28,poi-packs,massachusetts.delta.zip,4
2026-09-28,poi-packs,mexico.delta.zip,4
2026-09-28,poi-packs,oregon.delta.zip,4
2026-09-28,poi-packs,panama.zip,4
2026-09-28,poi-packs,paraguay.delta.zip,4
2026-09-28,poi-packs,rhode-island.delta.zip,4
2026-09-28,poi-packs,uruguay.delta.zip,4
2026-09-28,poi-packs,washington.delta.zip,4
2026-09-28,basemap-tiles,basemap-afghanistan.pmtiles,3
2026-09-28,basemap-tiles,basemap-albania.pmtiles,3
2026-09-28,basemap-tiles,basemap-armenia.pmtiles,3
2026-09-28,basemap-tiles,basemap-australia-coral-sea-islands.pmtiles,3
2026-09-28,basemap-tiles,basemap-azerbaijan.pmtiles,3
2026-09-28,basemap-tiles,basemap-bolivia.pmtiles,3
2026-09-28,basemap-tiles,basemap-china-hebei.pmtiles,3
2026-09-28,basemap-tiles,basemap-china-hunan.pmtiles,3
2026-09-28,basemap-tiles,basemap-china-shanxi.pmtiles,3
2026-09-28,basemap-tiles,basemap-comores.pmtiles,3
2026-09-28,basemap-tiles,basemap-cuba.pmtiles,3
2026-09-28,basemap-tiles,basemap-czech-republic-olomoucky.pmtiles,3
2026-09-28,basemap-tiles,basemap-czech-republic.pmtiles,3
2026-09-28,basemap-tiles,basemap-estonia.pmtiles,3
2026-09-28,basemap-tiles,basemap-gabon.pmtiles,3
2026-09-28,basemap-tiles,basemap-ghana.pmtiles,3
2026-09-28,basemap-tiles,basemap-greenland.pmtiles,3
2026-09-28,basemap-tiles,basemap-guernsey-jersey.pmtiles,3
2026-09-28,basemap-tiles,basemap-ivory-coast.pmtiles,3
2026-09-28,basemap-tiles,basemap-kazakhstan.pmtiles,3
2026-09-28,basemap-tiles,basemap-kyrgyzstan.pmtiles,3
2026-09-28,basemap-tiles,basemap-lebanon.pmtiles,3
2026-09-28,basemap-tiles,basemap-liberia.pmtiles,3
2026-09-28,basemap-tiles,basemap-lithuania.pmtiles,3
2026-09-28,basemap-tiles,basemap-maldives.pmtiles,3
2026-09-28,basemap-tiles,basemap-mauritius.pmtiles,3
2026-09-28,basemap-tiles,basemap-micronesia.pmtiles,3
2026-09-28,basemap-tiles,basemap-mongolia.pmtiles,3
2026-09-28,basemap-tiles,basemap-north-caucasus-fed-district.pmtiles,3
2026-09-28,basemap-tiles,basemap-north-dakota.pmtiles,3
2026-09-28,basemap-tiles,basemap-pakistan.pmtiles,3
2026-09-28,basemap-tiles,basemap-palau.pmtiles,3
2026-09-28,basemap-tiles,basemap-panama.pmtiles,3
2026-09-28,basemap-tiles,basemap-papua-new-guinea.pmtiles,3
2026-09-28,basemap-tiles,basemap-philippines.pmtiles,3
2026-09-28,basemap-tiles,basemap-samoa.pmtiles,3
2026-09-28,basemap-tiles,basemap-serbia.pmtiles,3
2026-09-28,basemap-tiles,basemap-solomon-islands.pmtiles,3
2026-09-28,basemap-tiles,basemap-south-dakota.pmtiles,3
2026-09-28,basemap-tiles,basemap-suriname.pmtiles,3
2026-09-28,basemap-tiles,basemap-tajikistan.pmtiles,3
2026-09-28,basemap-tiles,basemap-tuvalu.pmtiles,3
2026-09-28,basemap-tiles,basemap-ural-fed-district.pmtiles,3
2026-09-28,road-features,american-oceania.bin,3
2026-09-28,road-features,azores.bin,3
2026-09-28,road-features,bhutan.bin,3
2026-09-28,road-features,china-guangxi.bin,3
2026-09-28,road-features,china-hunan.bin,3
2026-09-28,road-features,china-shanghai.bin,3
2026-09-28,road-features,china-xinjiang.bin,3
2026-09-28,road-features,congo-brazzaville.bin,3
2026-09-28,road-features,czech-republic-liberecky.bin,3
2026-09-28,road-features,djibouti.bin,3
2026-09-28,road-features,france-reunion.bin,3
2026-09-28,road-features,france.bin,3
2026-09-28,road-features,india-central-zone.bin,3
2026-09-28,road-features,jamaica.bin,3
2026-09-28,road-features,japan-chugoku.bin,3
2026-09-28,road-features,jordan.bin,3
2026-09-28,road-features,kaliningrad.bin,3
2026-09-28,road-features,kenya.bin,3
2026-09-28,road-features,kosovo.bin,3
2026-09-28,road-features,kyrgyzstan.bin,3
2026-09-28,road-features,lebanon.bin,3
2026-09-28,road-features,libya.bin,3
2026-09-28,road-features,macedonia.bin,3
2026-09-28,road-features,maldives.bin,3
2026-09-28,road-features,moldova.bin,3
2026-09-28,road-features,mongolia.bin,3
2026-09-28,road-features,netherlands-friesland.bin,3
2026-09-28,road-features,netherlands-noord-holland.bin,3
2026-09-28,road-features,newfoundland-and-labrador.bin,3
2026-09-28,road-features,norway-svalbard-janmayen.bin,3
2026-09-28,road-features,norway-vestlandet.bin,3
2026-09-28,road-features,paraguay.bin,3
2026-09-28,road-features,poland-zachodniopomorskie.bin,3
2026-09-28,road-features,poland.bin,3
2026-09-28,road-features,siberian-fed-district.bin,3
2026-09-28,road-features,somalia.bin,3
2026-09-28,road-features,sudan.bin,3
2026-09-28,road-features,tajikistan.bin,3
2026-09-28,road-features,turkmenistan.bin,3
2026-09-28,obf-regions,belize.obf,3
2026-09-28,obf-regions,benin.obf,3
2026-09-28,obf-regions,bhutan.obf,3
2026-09-28,obf-regions,botswana.obf,3
2026-09-28,obf-regions,burundi.obf,3
2026-09-28,obf-regions,cameroon.obf,3
2026-09-28,obf-regions,cape-verde.obf,3
2026-09-28,obf-regions,central-african-republic.obf,3
2026-09-28,obf-regions,chad.obf,3
2026-09-28,obf-regions,china-chongqing.obf,3
2026-09-28,obf-regions,china-fujian.obf,3
2026-09-28,obf-regions,china-gansu.obf,3
2026-09-28,obf-regions,china-guangdong.obf,3
2026-09-28,obf-regions,china-guangxi.obf,3
2026-09-28,obf-regions,china-hebei.obf,3
2026-09-28,obf-regions,china-shanxi.obf,3
2026-09-28,obf-regions,comores.obf,3
2026-09-28,obf-regions,congo-democratic-republic.obf,3
2026-09-28,obf-regions,cook-islands.obf,3
2026-09-28,obf-regions,costa-rica.obf,3
2026-09-28,obf-regions,cuba.obf,3
2026-09-28,obf-regions,czech-republic-kralovehradecky.obf,3
2026-09-28,obf-regions,czech-republic-liberecky.obf,3
2026-09-28,obf-regions,czech-republic-moravskoslezky.obf,3
2026-09-28,obf-regions,czech-republic-olomoucky.obf,3
2026-09-28,obf-regions,czech-republic-praha.obf,3
2026-09-28,obf-regions,czech-republic.obf,3
2026-09-28,obf-regions,djibouti.obf,3
2026-09-28,obf-regions,east-timor.obf,3
2026-09-28,obf-regions,equatorial-guinea.obf,3
2026-09-28,obf-regions,eritrea.obf,3
2026-09-28,obf-regions,faroe-islands.obf,3
2026-09-28,obf-regions,fiji.obf,3
2026-09-28,obf-regions,gabon.obf,3
2026-09-28,obf-regions,ghana.obf,3
2026-09-28,obf-regions,greenland.obf,3
2026-09-28,obf-regions,guernsey-jersey.obf,3
2026-09-28,obf-regions,liberia.obf,3
2026-09-28,obf-regions,lithuania.obf,3
2026-09-28,obf-regions,macedonia.obf,3
2026-09-28,obf-regions,malta.obf,3
2026-09-28,obf-regions,mongolia.obf,3
2026-09-28,obf-regions,norway.obf,3
2026-09-28,obf-regions,panama.obf,3
2026-09-28,obf-regions,paraguay.obf,3
2026-09-28,obf-regions,peru.obf,3
2026-09-28,obf-regions,polynesie-francaise.obf,3
2026-09-28,obf-regions,south-africa-and-lesotho.obf,3
2026-09-28,obf-regions,south-africa.obf,3
2026-09-28,obf-regions,sri-lanka.obf,3
2026-09-28,obf-regions,syria.obf,3
2026-09-28,obf-regions,venezuela.obf,3
2026-09-28,obf-regions,vermont.obf,3
2026-09-28,poi-packs,alabama.delta.zip,3
2026-09-28,poi-packs,albania.delta.zip,3
2026-09-28,poi-packs,australia.delta.zip,3
2026-09-28,poi-packs,bolivia.delta.zip,3
2026-09-28,poi-packs,british-columbia.delta.zip,3
2026-09-28,poi-packs,california.delta.zip,3
2026-09-28,poi-packs,chile.delta.zip,3
2026-09-28,poi-packs,china-hong-kong.zip,3
2026-09-28,poi-packs,colorado.delta.zip,3
2026-09-28,poi-packs,connecticut.delta.zip,3
2026-09-28,poi-packs,denmark.delta.zip,3
2026-09-28,poi-packs,ecuador.zip,3
2026-09-28,poi-packs,france.delta.zip,3
2026-09-28,poi-packs,iceland.zip,3
2026-09-28,poi-packs,indonesia.delta.zip,3
2026-09-28,poi-packs,japan.delta.zip,3
2026-09-28,poi-packs,minnesota.delta.zip,3
2026-09-28,poi-packs,mississippi.delta.zip,3
2026-09-28,poi-packs,missouri.delta.zip,3
2026-09-28,poi-packs,morocco.delta.zip,3
2026-09-28,poi-packs,nebraska.delta.zip,3
2026-09-28,poi-packs,new-mexico.delta.zip,3
2026-09-28,poi-packs,new-zealand.delta.zip,3
2026-09-28,poi-packs,nigeria.zip,3
2026-09-28,poi-packs,ohio.delta.zip,3
2026-09-28,poi-packs,peru.delta.zip,3
2026-09-28,poi-packs,romania.delta.zip,3
2026-09-28,poi-packs,south-africa.zip,3
2026-09-28,poi-packs,spain.delta.zip,3
2026-09-28,poi-packs,texas.delta.zip,3
2026-09-28,poi-packs,west-virginia.delta.zip,3
2026-09-28,basemap-tiles,basemap-azores.pmtiles,2
2026-09-28,basemap-tiles,basemap-burkina-faso.pmtiles,2
2026-09-28,basemap-tiles,basemap-chad.pmtiles,2
2026-09-28,basemap-tiles,basemap-china-anhui.pmtiles,2
2026-09-28,basemap-tiles,basemap-china-beijing.pmtiles,2
2026-09-28,basemap-tiles,basemap-china-chongqing.pmtiles,2
2026-09-28,basemap-tiles,basemap-china-fujian.pmtiles,2
2026-09-28,basemap-tiles,basemap-china-gansu.pmtiles,2
2026-09-28,basemap-tiles,basemap-china-guangdong.pmtiles,2
2026-09-28,basemap-tiles,basemap-china-guangxi.pmtiles,2
2026-09-28,basemap-tiles,basemap-china-guizhou.pmtiles,2
2026-09-28,basemap-tiles,basemap-china-hainan.pmtiles,2
2026-09-28,basemap-tiles,basemap-china-heilongjiang.pmtiles,2
2026-09-28,basemap-tiles,basemap-china-henan.pmtiles,2
2026-09-28,basemap-tiles,basemap-china-hubei.pmtiles,2
2026-09-28,basemap-tiles,basemap-china-inner-mongolia.pmtiles,2
2026-09-28,basemap-tiles,basemap-china-jiangsu.pmtiles,2
2026-09-28,basemap-tiles,basemap-china-jiangxi.pmtiles,2
2026-09-28,basemap-tiles,basemap-china-jilin.pmtiles,2
2026-09-28,basemap-tiles,basemap-china-liaoning.pmtiles,2
2026-09-28,basemap-tiles,basemap-china-macau.pmtiles,2
2026-09-28,basemap-tiles,basemap-china-ningxia.pmtiles,2
2026-09-28,basemap-tiles,basemap-china-shaanxi.pmtiles,2
2026-09-28,basemap-tiles,basemap-china-shandong.pmtiles,2
2026-09-28,basemap-tiles,basemap-china-shanghai.pmtiles,2
2026-09-28,basemap-tiles,basemap-china-sichuan.pmtiles,2
2026-09-28,basemap-tiles,basemap-china-tibet.pmtiles,2
2026-09-28,basemap-tiles,basemap-china-xinjiang.pmtiles,2
2026-09-28,basemap-tiles,basemap-china-yunnan.pmtiles,2
2026-09-28,basemap-tiles,basemap-china-zhejiang.pmtiles,2
2026-09-28,basemap-tiles,basemap-cyprus.pmtiles,2
2026-09-28,basemap-tiles,basemap-czech-republic-pardubicky.pmtiles,2
2026-09-28,basemap-tiles,basemap-czech-republic-zlinsky.pmtiles,2
2026-09-28,basemap-tiles,basemap-faroe-islands.pmtiles,2
2026-09-28,basemap-tiles,basemap-fiji.pmtiles,2
2026-09-28,basemap-tiles,basemap-iceland.pmtiles,2
2026-09-28,basemap-tiles,basemap-jamaica.pmtiles,2
2026-09-28,basemap-tiles,basemap-kenya.pmtiles,2
2026-09-28,basemap-tiles,basemap-kosovo.pmtiles,2
2026-09-28,basemap-tiles,basemap-latvia.pmtiles,2
2026-09-28,basemap-tiles,basemap-macedonia.pmtiles,2
2026-09-28,basemap-tiles,basemap-malawi.pmtiles,2
2026-09-28,basemap-tiles,basemap-malta.pmtiles,2
2026-09-28,basemap-tiles,basemap-marshall-islands.pmtiles,2
2026-09-28,basemap-tiles,basemap-myanmar.pmtiles,2
2026-09-28,basemap-tiles,basemap-new-caledonia.pmtiles,2
2026-09-28,basemap-tiles,basemap-niger.pmtiles,2
2026-09-28,basemap-tiles,basemap-nigeria.pmtiles,2
2026-09-28,basemap-tiles,basemap-niue.pmtiles,2
2026-09-28,basemap-tiles,basemap-pitcairn-islands.pmtiles,2
2026-09-28,basemap-tiles,basemap-polynesie-francaise.pmtiles,2
2026-09-28,basemap-tiles,basemap-rwanda.pmtiles,2
2026-09-28,basemap-tiles,basemap-sao-tome-and-principe.pmtiles,2
2026-09-28,basemap-tiles,basemap-sierra-leone.pmtiles,2
2026-09-28,basemap-tiles,basemap-slovakia.pmtiles,2
2026-09-28,basemap-tiles,basemap-somalia.pmtiles,2
2026-09-28,basemap-tiles,basemap-south-africa-and-lesotho.pmtiles,2
2026-09-28,basemap-tiles,basemap-south-korea.pmtiles,2
2026-09-28,basemap-tiles,basemap-south-sudan.pmtiles,2
2026-09-28,basemap-tiles,basemap-tanzania.pmtiles,2
2026-09-28,basemap-tiles,basemap-uganda.pmtiles,2
2026-09-28,basemap-tiles,basemap-ukraine.pmtiles,2
2026-09-28,basemap-tiles,basemap-uzbekistan.pmtiles,2
2026-09-28,basemap-tiles,basemap-vanuatu.pmtiles,2
2026-09-28,basemap-tiles,basemap-yemen.pmtiles,2
2026-09-28,basemap-tiles,basemap-zimbabwe.pmtiles,2
2026-09-28,road-features,angola.bin,2
2026-09-28,road-features,australia-act.bin,2
2026-09-28,road-features,australia-tasmania.bin,2
2026-09-28,road-features,botswana.bin,2
2026-09-28,road-features,brazil-norte.bin,2
2026-09-28,road-features,brazil.bin,2
2026-09-28,road-features,burkina-faso.bin,2
2026-09-28,road-features,california.bin,2
2026-09-28,road-features,cameroon.bin,2
2026-09-28,road-features,central-african-republic.bin,2
2026-09-28,road-features,chad.bin,2
2026-09-28,road-features,china-gansu.bin,2
2026-09-28,road-features,china-guangdong.bin,2
2026-09-28,road-features,china-hainan.bin,2
2026-09-28,road-features,china-hebei.bin,2
2026-09-28,road-features,china-inner-mongolia.bin,2
2026-09-28,road-features,china-liaoning.bin,2
2026-09-28,road-features,china-qinghai.bin,2
2026-09-28,road-features,china-shandong.bin,2
2026-09-28,road-features,china-shanxi.bin,2
2026-09-28,road-features,china-sichuan.bin,2
2026-09-28,road-features,costa-rica.bin,2
2026-09-28,road-features,crimean-fed-district.bin,2
2026-09-28,road-features,cuba.bin,2
2026-09-28,road-features,czech-republic-jihocesky.bin,2
2026-09-28,road-features,czech-republic-karlovarsky.bin,2
2026-09-28,road-features,el-salvador.bin,2
2026-09-28,road-features,equatorial-guinea.bin,2
2026-09-28,road-features,eritrea.bin,2
2026-09-28,road-features,ethiopia.bin,2
2026-09-28,road-features,faroe-islands.bin,2
2026-09-28,road-features,france-guadeloupe.bin,2
2026-09-28,road-features,gabon.bin,2
2026-09-28,road-features,germany.bin,2
2026-09-28,road-features,ghana.bin,2
2026-09-28,road-features,guatemala.bin,2
2026-09-28,road-features,india-north-eastern-zone.bin,2
2026-09-28,road-features,indonesia-kalimantan.bin,2
2026-09-28,road-features,indonesia-maluku.bin,2
2026-09-28,road-features,indonesia-nusa-tenggara.bin,2
2026-09-28,road-features,isle-of-man.bin,2
2026-09-28,road-features,ivory-coast.bin,2
2026-09-28,road-features,japan-kyushu.bin,2
2026-09-28,road-features,japan-shikoku.bin,2
2026-09-28,road-features,lesotho.bin,2
2026-09-28,road-features,madagascar.bin,2
2026-09-28,road-features,manitoba.bin,2
2026-09-28,road-features,mauritania.bin,2
2026-09-28,road-features,namibia.bin,2
2026-09-28,road-features,netherlands.bin,2
2026-09-28,road-features,niger.bin,2
2026-09-28,road-features,north-caucasus-fed-district.bin,2
2026-09-28,road-features,northwest-territories.bin,2
2026-09-28,road-features,northwestern-fed-district.bin,2
2026-09-28,road-features,norway-nord-norge.bin,2
2026-09-28,road-features,norway-trondelag.bin,2
2026-09-28,road-features,norway.bin,2
2026-09-28,road-features,nova-scotia.bin,2
2026-09-28,road-features,nunavut.bin,2
2026-09-28,road-features,pakistan.bin,2
2026-09-28,road-features,panama.bin,2
2026-09-28,road-features,portugal.bin,2
2026-09-28,road-features,prince-edward-island.bin,2
2026-09-28,road-features,rwanda.bin,2
2026-09-28,road-features,sao-tome-and-principe.bin,2
2026-09-28,road-features,senegal-and-gambia.bin,2
2026-09-28,road-features,south-africa-and-lesotho.bin,2
2026-09-28,road-features,tuvalu.bin,2
2026-09-28,road-features,ural-fed-district.bin,2
2026-09-28,road-features,us-virgin-islands.bin,2
2026-09-28,road-features,uzbekistan.bin,2
2026-09-28,road-features,vanuatu.bin,2
2026-09-28,road-features,zimbabwe.bin,2
2026-09-28,obf-regions,china-guizhou.obf,2
2026-09-28,obf-regions,china-hainan.obf,2
2026-09-28,obf-regions,china-heilongjiang.obf,2
2026-09-28,obf-regions,china-henan.obf,2
2026-09-28,obf-regions,china-hubei.obf,2
2026-09-28,obf-regions,china-inner-mongolia.obf,2
2026-09-28,obf-regions,china-jiangsu.obf,2
2026-09-28,obf-regions,china-jiangxi.obf,2
2026-09-28,obf-regions,china-jilin.obf,2
2026-09-28,obf-regions,china-liaoning.obf,2
2026-09-28,obf-regions,china-macau.obf,2
2026-09-28,obf-regions,china-ningxia.obf,2
2026-09-28,obf-regions,china-qinghai.obf,2
2026-09-28,obf-regions,china-shaanxi.obf,2
2026-09-28,obf-regions,china-shandong.obf,2
2026-09-28,obf-regions,china-shanghai.obf,2
2026-09-28,obf-regions,china-sichuan.obf,2
2026-09-28,obf-regions,czech-republic-pardubicky.obf,2
2026-09-28,obf-regions,czech-republic-plzensky.obf,2
2026-09-28,obf-regions,czech-republic-stredocesky.obf,2
2026-09-28,obf-regions,guatemala.obf,2
2026-09-28,obf-regions,guinea-bissau.obf,2
2026-09-28,obf-regions,guinea.obf,2
2026-09-28,obf-regions,guyana.obf,2
2026-09-28,obf-regions,honduras.obf,2
2026-09-28,obf-regions,iceland.obf,2
2026-09-28,obf-regions,isle-of-man.obf,2
2026-09-28,obf-regions,ivory-coast.obf,2
2026-09-28,obf-regions,jamaica.obf,2
2026-09-28,obf-regions,jordan.obf,2
2026-09-28,obf-regions,kazakhstan.obf,2
2026-09-28,obf-regions,kenya.obf,2
2026-09-28,obf-regions,kosovo.obf,2
2026-09-28,obf-regions,kyrgyzstan.obf,2
2026-09-28,obf-regions,latvia.obf,2
2026-09-28,obf-regions,lesotho.obf,2
2026-09-28,obf-regions,libya.obf,2
2026-09-28,obf-regions,liechtenstein.obf,2
2026-09-28,obf-regions,madagascar.obf,2
2026-09-28,obf-regions,malawi.obf,2
2026-09-28,obf-regions,maldives.obf,2
2026-09-28,obf-regions,marshall-islands.obf,2
2026-09-28,obf-regions,mauritania.obf,2
2026-09-28,obf-regions,mauritius.obf,2
2026-09-28,obf-regions,micronesia.obf,2
2026-09-28,obf-regions,moldova.obf,2
2026-09-28,obf-regions,monaco.obf,2
2026-09-28,obf-regions,mozambique.obf,2
2026-09-28,obf-regions,myanmar.obf,2
2026-09-28,obf-regions,namibia.obf,2
2026-09-28,obf-regions,nauru.obf,2
2026-09-28,obf-regions,new-caledonia.obf,2
2026-09-28,obf-regions,nicaragua.obf,2
2026-09-28,obf-regions,niger.obf,2
2026-09-28,obf-regions,nigeria.obf,2
2026-09-28,obf-regions,niue.obf,2
2026-09-28,obf-regions,north-korea.obf,2
2026-09-28,obf-regions,palau.obf,2
2026-09-28,obf-regions,papua-new-guinea.obf,2
2026-09-28,obf-regions,pitcairn-islands.obf,2
2026-09-28,obf-regions,rwanda.obf,2
2026-09-28,obf-regions,saint-helena-ascension-and-tristan-da-cunha.obf,2
2026-09-28,obf-regions,samoa.obf,2
2026-09-28,obf-regions,sao-tome-and-principe.obf,2
2026-09-28,obf-regions,senegal-and-gambia.obf,2
2026-09-28,obf-regions,seychelles.obf,2
2026-09-28,obf-regions,sierra-leone.obf,2
2026-09-28,obf-regions,solomon-islands.obf,2
2026-09-28,obf-regions,somalia.obf,2
2026-09-28,obf-regions,south-korea.obf,2
2026-09-28,obf-regions,south-sudan.obf,2
2026-09-28,obf-regions,sudan.obf,2
2026-09-28,obf-regions,uganda.obf,2
2026-09-28,obf-regions,uruguay.obf,2
2026-09-28,obf-regions,zimbabwe.obf,2
2026-09-28,poi-packs,alaska.delta.zip,2
2026-09-28,poi-packs,arizona.delta.zip,2
2026-09-28,poi-packs,belgium.delta.zip,2
2026-09-28,poi-packs,belize.delta.zip,2
2026-09-28,poi-packs,belize.zip,2
2026-09-28,poi-packs,bulgaria.delta.zip,2
2026-09-28,poi-packs,china-hainan.zip,2
2026-09-28,poi-packs,china-hunan.zip,2
2026-09-28,poi-packs,china-macau.zip,2
2026-09-28,poi-packs,china-ningxia.zip,2
2026-09-28,poi-packs,china-qinghai.zip,2
2026-09-28,poi-packs,china-shanxi.zip,2
2026-09-28,poi-packs,china-tibet.zip,2
2026-09-28,poi-packs,costa-rica.delta.zip,2
2026-09-28,poi-packs,croatia.delta.zip,2
2026-09-28,poi-packs,czech-republic.delta.zip,2
2026-09-28,poi-packs,egypt.delta.zip,2
2026-09-28,poi-packs,el-salvador.delta.zip,2
2026-09-28,poi-packs,el-salvador.zip,2
2026-09-28,poi-packs,estonia.delta.zip,2
2026-09-28,poi-packs,finland.delta.zip,2
2026-09-28,poi-packs,ghana.delta.zip,2
2026-09-28,poi-packs,great-britain.delta.zip,2
2026-09-28,poi-packs,greece.delta.zip,2
2026-09-28,poi-packs,guatemala.delta.zip,2
2026-09-28,poi-packs,guatemala.zip,2
2026-09-28,poi-packs,hawaii.delta.zip,2
2026-09-28,poi-packs,hungary.delta.zip,2
2026-09-28,poi-packs,iceland.delta.zip,2
2026-09-28,poi-packs,idaho.delta.zip,2
2026-09-28,poi-packs,indiana.delta.zip,2
2026-09-28,poi-packs,iowa.delta.zip,2
2026-09-28,poi-packs,ireland-and-northern-ireland.delta.zip,2
2026-09-28,poi-packs,kansas.delta.zip,2
2026-09-28,poi-packs,kentucky.delta.zip,2
2026-09-28,poi-packs,latvia.delta.zip,2
2026-09-28,poi-packs,latvia.zip,2
2026-09-28,poi-packs,louisiana.delta.zip,2
2026-09-28,poi-packs,luxembourg.delta.zip,2
2026-09-28,poi-packs,maine.delta.zip,2
2026-09-28,poi-packs,manitoba.delta.zip,2
2026-09-28,poi-packs,michigan.delta.zip,2
2026-09-28,poi-packs,moldova.delta.zip,2
2026-09-28,poi-packs,montana.delta.zip,2
2026-09-28,poi-packs,montenegro.delta.zip,2
2026-09-28,poi-packs,netherlands.delta.zip,2
2026-09-28,poi-packs,nevada.delta.zip,2
2026-09-28,poi-packs,new-brunswick.delta.zip,2
2026-09-28,poi-packs,new-hampshire.delta.zip,2
2026-09-28,poi-packs,newfoundland-and-labrador.delta.zip,2
2026-09-28,poi-packs,nicaragua.delta.zip,2
2026-09-28,poi-packs,nicaragua.zip,2
2026-09-28,poi-packs,nigeria.delta.zip,2
2026-09-28,poi-packs,north-dakota.delta.zip,2
2026-09-28,poi-packs,northwest-territories.delta.zip,2
2026-09-28,poi-packs,nova-scotia.delta.zip,2
2026-09-28,poi-packs,oklahoma.delta.zip,2
2026-09-28,poi-packs,ontario.delta.zip,2
2026-09-28,poi-packs,panama.delta.zip,2
2026-09-28,poi-packs,poland.delta.zip,2
2026-09-28,poi-packs,portugal.delta.zip,2
2026-09-28,poi-packs,quebec.delta.zip,2
2026-09-28,poi-packs,saskatchewan.delta.zip,2
2026-09-28,poi-packs,serbia.delta.zip,2
2026-09-28,poi-packs,slovakia.delta.zip,2
2026-09-28,poi-packs,south-africa.delta.zip,2
2026-09-28,poi-packs,south-dakota.delta.zip,2
2026-09-28,poi-packs,south-korea.delta.zip,2
2026-09-28,poi-packs,sweden.delta.zip,2
2026-09-28,poi-packs,switzerland.delta.zip,2
2026-09-28,poi-packs,taiwan.delta.zip,2
2026-09-28,poi-packs,tanzania.delta.zip,2
2026-09-28,poi-packs,tanzania.zip,2
2026-09-28,poi-packs,thailand.delta.zip,2
2026-09-28,poi-packs,ukraine.delta.zip,2
2026-09-28,poi-packs,utah.delta.zip,2
2026-09-28,poi-packs,vermont.delta.zip,2
2026-09-28,poi-packs,vietnam.delta.zip,2
2026-09-28,poi-packs,virginia.delta.zip,2
2026-09-28,poi-packs,wisconsin.delta.zip,2
2026-09-28,poi-packs,wyoming.delta.zip,2
2026-09-28,poi-packs,yukon.delta.zip,2
2026-09-28,basemap-tiles,basemap-benin.pmtiles,1
2026-09-28,basemap-tiles,basemap-botswana.pmtiles,1
2026-09-28,basemap-tiles,basemap-cape-verde.pmtiles,1
2026-09-28,basemap-tiles,basemap-delaware.20260929.vpatch,1
2026-09-28,basemap-tiles,basemap-djibouti.pmtiles,1
2026-09-28,basemap-tiles,basemap-ethiopia.pmtiles,1
2026-09-28,basemap-tiles,basemap-guinea-bissau.pmtiles,1
2026-09-28,basemap-tiles,basemap-guinea.pmtiles,1
2026-09-28,basemap-tiles,basemap-lesotho.pmtiles,1
2026-09-28,basemap-tiles,basemap-libya.pmtiles,1
2026-09-28,basemap-tiles,basemap-madagascar.pmtiles,1
2026-09-28,basemap-tiles,basemap-mauritania.pmtiles,1
2026-09-28,basemap-tiles,basemap-mozambique.pmtiles,1
2026-09-28,basemap-tiles,basemap-namibia.pmtiles,1
2026-09-28,basemap-tiles,basemap-saint-helena-ascension-and-tristan-da-cunha.pmtiles,1
2026-09-28,basemap-tiles,basemap-senegal-and-gambia.pmtiles,1
2026-09-28,basemap-tiles,basemap-sudan.pmtiles,1
2026-09-28,basemap-tiles,basemap-swaziland.pmtiles,1
2026-09-28,basemap-tiles,basemap-togo.pmtiles,1
2026-09-28,basemap-tiles,basemap-zambia.pmtiles,1
2026-09-28,road-features,andorra.bin,1
2026-09-28,road-features,armenia.bin,1
2026-09-28,road-features,australia-ashmore-cartier.bin,1
2026-09-28,road-features,australia-christmas-island.bin,1
2026-09-28,road-features,australia-cocos-islands.bin,1
2026-09-28,road-features,australia-heard-mcdonald.bin,1
2026-09-28,road-features,australia-norfolk-island.bin,1
2026-09-28,road-features,australia-northern-territory.bin,1
2026-09-28,road-features,belize.bin,1
2026-09-28,road-features,benin.bin,1
2026-09-28,road-features,burundi.bin,1
2026-09-28,road-features,cape-verde.bin,1
2026-09-28,road-features,chile.bin,1
2026-09-28,road-features,china-anhui.bin,1
2026-09-28,road-features,china-chongqing.bin,1
2026-09-28,road-features,china-fujian.bin,1
2026-09-28,road-features,china-guizhou.bin,1
2026-09-28,road-features,china-heilongjiang.bin,1
2026-09-28,road-features,china-henan.bin,1
2026-09-28,road-features,china-hubei.bin,1
2026-09-28,road-features,china-jiangsu.bin,1
2026-09-28,road-features,china-jiangxi.bin,1
2026-09-28,road-features,china-jilin.bin,1
2026-09-28,road-features,china-macau.bin,1
2026-09-28,road-features,china-ningxia.bin,1
2026-09-28,road-features,china-shaanxi.bin,1
2026-09-28,road-features,china-tianjin.bin,1
2026-09-28,road-features,china-tibet.bin,1
2026-09-28,road-features,china-yunnan.bin,1
2026-09-28,road-features,china-zhejiang.bin,1
2026-09-28,road-features,comores.bin,1
2026-09-28,road-features,cook-islands.bin,1
2026-09-28,road-features,czech-republic-pardubicky.bin,1
2026-09-28,road-features,czech-republic.bin,1
2026-09-28,road-features,east-timor.bin,1
2026-09-28,road-features,france-guyane.bin,1
2026-09-28,road-features,france-martinique.bin,1
2026-09-28,road-features,france-mayotte.bin,1
2026-09-28,road-features,great-britain.bin,1
2026-09-28,road-features,guinea-bissau.bin,1
2026-09-28,road-features,guinea.bin,1
2026-09-28,road-features,guyana.bin,1
2026-09-28,road-features,honduras.bin,1
2026-09-28,road-features,ile-de-clipperton.bin,1
2026-09-28,road-features,india.bin,1
2026-09-28,road-features,indonesia-papua.bin,1
2026-09-28,road-features,indonesia-sulawesi.bin,1
2026-09-28,road-features,indonesia.bin,1
2026-09-28,road-features,latvia.bin,1
2026-09-28,road-features,liberia.bin,1
2026-09-28,road-features,malawi.bin,1
2026-09-28,road-features,mali.bin,1
2026-09-28,road-features,marshall-islands.bin,1
2026-09-28,road-features,mauritius.bin,1
2026-09-28,road-features,micronesia.bin,1
2026-09-28,road-features,monaco.bin,1
2026-09-28,road-features,mozambique.bin,1
2026-09-28,road-features,nauru.bin,1
2026-09-28,road-features,new-caledonia.bin,1
2026-09-28,road-features,nicaragua.bin,1
2026-09-28,road-features,nigeria.bin,1
2026-09-28,road-features,niue.bin,1
2026-09-28,road-features,palau.bin,1
2026-09-28,road-features,papua-new-guinea.bin,1
2026-09-28,road-features,pitcairn-islands.bin,1
2026-09-28,road-features,polynesie-francaise.bin,1
2026-09-28,road-features,saint-helena-ascension-and-tristan-da-cunha.bin,1
2026-09-28,road-features,samoa.bin,1
2026-09-28,road-features,seychelles.bin,1
2026-09-28,road-features,sierra-leone.bin,1
2026-09-28,road-features,solomon-islands.bin,1
2026-09-28,road-features,south-africa.bin,1
2026-09-28,road-features,south-sudan.bin,1
2026-09-28,road-features,spain-melilla.bin,1
2026-09-28,road-features,suriname.bin,1
2026-09-28,road-features,swaziland.bin,1
2026-09-28,road-features,tanzania.bin,1
2026-09-28,road-features,togo.bin,1
2026-09-28,road-features,tokelau.bin,1
2026-09-28,road-features,tonga.bin,1
2026-09-28,road-features,wallis-et-futuna.bin,1
2026-09-28,road-features,yemen.bin,1
2026-09-28,road-features,yukon.bin,1
2026-09-28,obf-regions,china-tianjin.obf,1
2026-09-28,obf-regions,china-tibet.obf,1
2026-09-28,obf-regions,china-xinjiang.obf,1
2026-09-28,obf-regions,china-yunnan.obf,1
2026-09-28,obf-regions,china-zhejiang.obf,1
2026-09-28,obf-regions,czech-republic-zlinsky.obf,1
2026-09-28,obf-regions,ile-de-clipperton.obf,1
2026-09-28,obf-regions,suriname.obf,1
2026-09-28,obf-regions,swaziland.obf,1
2026-09-28,obf-regions,tajikistan.obf,1
2026-09-28,obf-regions,tanzania.obf,1
2026-09-28,obf-regions,togo.obf,1
2026-09-28,obf-regions,tokelau.obf,1
2026-09-28,obf-regions,tonga.obf,1
2026-09-28,obf-regions,turkmenistan.obf,1
2026-09-28,obf-regions,tuvalu.obf,1
2026-09-28,obf-regions,uzbekistan.obf,1
2026-09-28,obf-regions,vanuatu.obf,1
2026-09-28,obf-regions,wallis-et-futuna.obf,1
2026-09-28,obf-regions,yemen.obf,1
2026-09-28,obf-regions,zambia.obf,1
2026-09-28,poi-packs,bosnia-herzegovina.delta.zip,1
2026-09-28,poi-packs,china-anhui.zip,1
2026-09-28,poi-packs,china-beijing.zip,1
2026-09-28,poi-packs,china-chongqing.zip,1
2026-09-28,poi-packs,china-fujian.zip,1
2026-09-28,poi-packs,china-gansu.zip,1
2026-09-28,poi-packs,china-guangdong.zip,1
2026-09-28,poi-packs,china-guangxi.zip,1
2026-09-28,poi-packs,china-guizhou.zip,1
2026-09-28,poi-packs,china-hebei.zip,1
2026-09-28,poi-packs,china-heilongjiang.zip,1
2026-09-28,poi-packs,china-henan.zip,1
2026-09-28,poi-packs,china-hubei.zip,1
2026-09-28,poi-packs,china-inner-mongolia.zip,1
2026-09-28,poi-packs,china-jiangsu.zip,1
2026-09-28,poi-packs,china-jiangxi.zip,1
2026-09-28,poi-packs,china-jilin.zip,1
2026-09-28,poi-packs,china-liaoning.zip,1
2026-09-28,poi-packs,china-shaanxi.zip,1
2026-09-28,poi-packs,china-shandong.zip,1
2026-09-28,poi-packs,china-shanghai.zip,1
2026-09-28,poi-packs,china-sichuan.zip,1
2026-09-28,poi-packs,china-tianjin.zip,1
2026-09-28,poi-packs,china-xinjiang.zip,1
2026-09-28,poi-packs,china-yunnan.zip,1
2026-09-28,poi-packs,china-zhejiang.zip,1
2026-09-28,poi-packs,costa-rica.zip,1
2026-09-28,poi-packs,ghana.zip,1
2026-09-28,poi-packs,honduras.zip,1
2026-09-28,poi-packs,kenya.zip,1
2026-09-28,poi-packs,south-korea.zip,1
