new,old
professional_service,professional_services
historic_site,landmark_and_historical_building
social_or_community_service,community_services_non_profits
christian_place_of_worship,church_cathedral
health_care,health_and_medical
dental_clinic,dentist
auto_dealer,car_dealer
spa,spas
rental_kiosk,rental_kiosks
doctors_office,diagnostic_services
atm,atms
bank_or_credit_union,bank_credit_union
travel_service,travel_services
flowers_and_gifts_store,flowers_and_gifts_shop
government_office,central_government_office
building_or_construction_service,construction_services
printing_service,printing_services
attorney_or_law_firm,lawyer
auto_parts_store,auto_parts_and_supply_store
lodging,accommodation
manufacturer,business_manufacturing_and_supply
engineering_service,engineering_services
industrial_equipment_manufacturer,industrial_equipment
bank,banks
electronics_store,electronics
travel_and_transportation,transportation
outpatient_care_facility,medical_center
corporate_or_business_office,corporate_office
community_and_government,public_service_and_government
automotive_service,automotive_services_and_repair
sports_and_recreation,active_life
eyewear_store,eyewear_and_optician
naturopathic_medicine,naturopathic_holistic
employment_agency,employment_agencies
hvac_service,hvac_services
dance_studio,dance_school
b2b_business_management_service,business_management_services
tutoring_service,tutoring_center
shopping_mall,shopping_center
money_transfer_service,money_transfer_services
arts_crafts_and_hobby_store,arts_and_crafts
sporting_goods_store,sporting_goods
beauty_supply_store,cosmetic_and_beauty_supplies
chiropractic,chiropractor
dessert_shop,desserts
legal_service,legal_services
hindu_place_of_worship,hindu_temple
funeral_service,funeral_services_and_cemeteries
sport_or_fitness_facility,sports_and_recreation_venue
fire_station,fire_department
nursery_and_gardening_store,nursery_and_gardening
warehouse_club_store,wholesale_store
used_auto_dealer,used_car_dealer
b2b_service,business_to_business
roman_catholic_place_of_worship,catholic_church
tax_service,tax_services
bike_store,bicycle_shop
travel_agent,travel_agents
skin_care_and_makeup,skin_care
second_hand_store,thrift_store
buddhist_place_of_worship,buddhist_temple
psychology,psychologist
event_photography_service,event_photography
fashion_boutique,boutique
animal_or_pet_service,pet_services
optometry,optometrist
food_and_beverage_store,food
car_rental_service,car_rental_agency
youth_organization,youth_organizations
courier_and_delivery_service,courier_and_delivery_services
police_station,police_department
civic_organization,organization
tour_operator,tours
educational_service,educational_services
personal_or_beauty_service,personal_care_service
anglican_or_episcopal_place_of_worship,anglican_church
fashion_and_apparel_store,fashion
publisher,topic_publisher
obstetrics_and_gynecology,obstetrician_and_gynecologist
food_and_drink,eat_and_drink
geographic_entities,structure_and_geography
muslim_place_of_worship,mosque
baptist_place_of_worship,baptist_church
medical_supply_store,medical_supply
cleaning_service,cleaning_services
pediatric_clinic,pediatrician
nutrition_service,nutritionist
movie_theater,cinema
psychotherapy,psychotherapist
office_supply_store,office_equipment
telecommunications_service,telecommunications
orthopedics,orthopedist
dermatology,dermatologist
ramen_restaurant,noodles_restaurant
protestant_place_of_worship,evangelical_church
theatre_venue,theatre
food_truck_stand,food_truck
nursing,skilled_nursing
medical_service_organization,medical_service_organizations
party_supply_store,party_supply
produce_store,fruits_and_vegetables
complementary_and_alternative_medicine,alternative_medicine
camera_and_photography_store,photography_store_and_services
cosmetics_and_fragrance_store,perfume_store
vitamin_and_supplement_store,vitamins_and_supplements
b2b_marketing_consultant,marketing_consultant
plastic_and_reconstructive_surgery,plastic_surgeon
pentecostal_place_of_worship,pentecostal_church
orthodontics,orthodontist
b2b_advertising_and_marketing_service,business_advertising
truck_rental_service,truck_rentals
hair_supply_store,hair_supply_stores
photography_service,photographer
donut_shop,donuts
food_beverage_distributor,food_beverage_service_distribution
flooring_contractor,flooring_contractors
vision_or_eye_care_clinic,eye_care_clinic
specialty_foods_store,specialty_foods
event_venue,venue_and_event_space
surgery,surgeon
t_shirt_printing_service,screen_printing_t_shirt_printing
apartment,apartments
smoke_and_vape_store,e_cigarette_store
behavioral_or_mental_health_clinic,counseling_and_mental_health
textile_manufacturer,b2b_textiles
b2b_energy_and_utility_service,b2b_energy_and_mining
bubble_tea_shop,bubble_tea
doner_kebab_restaurant,doner_kebab
amateur_sport_team,amateur_sports_team
performing_arts_venue,theaters_and_performance_venues
hearing_aid_store,hearing_aid_provider
electronic_equipment_supplier,b2b_electronic_equipment
cardiology,cardiologist
karaoke_venue,karaoke
tree_service,tree_services
passport_and_visa_service,passport_and_visa_services
janitorial_service,janitorial_services
ambulance_or_ems_service,ambulance_and_ems_services
second_hand_clothing_store,used_vintage_and_consignment
outdoor_store,outdoor_gear
psychiatry,psychiatrist
plastics_company,plastic_company
cosmetic_dentistry,cosmetic_dentist
sportswear_store,sports_wear
laundry_service,laundry_services
hardware_home_and_garden_store,home_and_garden
linen_store,linen
appraisal_service,appraisal_services
furniture_manufacturer,furniture_manufacturers
hunting_and_fishing_store,hunting_and_fishing_supplies
osteopathic_medicine,osteopath
b2b_water_treatment_service,water_treatment_equipment_and_services
military_site,armed_forces_branch
medical_research_institute,medical_research_and_development
limo_service,limo_services
pharmaceutical_company,pharmaceutical_companies
social_and_human_service,social_and_human_services
mover,movers
b2b_surgical_appliances_and_supplies,surgical_appliances_and_supplies
neurology,neurologist
beer_wine_spirits_store,beer_wine_and_spirits
pediatric_dentistry,pediatric_dentist
lottery_vendor,lottery_ticket
automation_service,automation_services
ophthalmology,ophthalmologist
security_service,security_services
psychic_advising,psychic
urology,urologist
sport_or_recreation_club,sports_club_and_league
speech_therapy,speech_therapist
senior_citizen_service,senior_citizen_services
theatrical_production,theatrical_productions
kitchen_and_bath_store,kitchen_and_bath
adult_education_center,adult_education
stock_and_bond_broker,stock_and_bond_brokers
packing_supply_store,packing_supply
home_decor_store,home_decor
gastroenterology,gastroenterologist
abuse_and_addiction_treatment_center,abuse_and_addiction_treatment
oncology,oncologist
warehouse,warehouses
audiology,audiologist
builder,builders
auto_restoration_service,auto_restoration_services
machine_and_tool_rental,machine_and_tool_rentals
media_service,mass_media
bike_rental,bike_rentals
b2b_international_trade_service,international_business_and_trade_services
gun_and_ammo_store,gun_and_ammo
public_transit_facility_or_service,public_transportation
oral_and_maxillofacial_surgery,oral_surgeon
safety_equipment_store,safety_equipment
dog_walker,dog_walkers
service_apartment,service_apartments
radiology,radiologist
water_utility_provider,water_supplier
reproductive_perinatal_and_womens_care,womens_health_clinic
jewish_place_of_worship,synagogue
auto_manufacturer,auto_manufacturers_and_distributors
b2b_human_resource_service,human_resource_services
public_utility,public_utility_company
b2b_science_and_technology_service,b2b_science_and_technology
fairgrounds,fair
agricultural_cooperative,agricultural_cooperatives
emergency_department,emergency_room
printing_equipment_supplier,printing_services
surgery_center,surgical_center
health_coaching,health_coach
astrological_advising,astrologer
translation_service,translation_services
marriage_or_relationship_counseling,marriage_or_relationship_counselor
distribution_service,distribution_services
adult_entertainment_venue,adult_entertainment
primary_care_or_general_clinic,walk_in_clinic
environmental_or_ecological_service,environmental_and_ecological_services_for_businesses
translating_and_interpreting_service,translating_and_interpreting_services
souvenir_store,souvenir_shop
food_bank,food_banks
public_restroom,public_restrooms
tailor,gents_tailor
books_music_and_video_store,books_mags_music_and_video
escape_room,escape_rooms
boat_service,boat_service_and_repair
logging_service,logging_services
video_and_video_game_rental,video_and_video_game_rentals
craft_store,craft_shop
fireworks_store,firework_retailer
session_photography_service,session_photography
frozen_yogurt_shop,frozen_yoghurt_shop
public_fountain,fountain
civil_engineer,civil_engineers
gelato_shop,gelato
b2b_oil_and_gas,oil_and_gas
mechanical_engineer,mechanical_engineers
baby_gear_and_nursery_store,baby_gear_and_furniture
prenatal_and_perinatal_care,prenatal_perinatal_care
housing_authority,housing_authorities
broker,brokers
endocrinology,endocrinologist
wellness_service,wellness_program
trophy_store,trophy_shop
import_export_service,importer_and_exporter
pop_up_store,pop_up_shop
fertility_clinic,fertility
natural_gas_utility_provider,natural_gas_supplier
mobile_phone_accessory_store,mobile_phone_accessories
surf_store,surf_shop
cremation_service,cremation_services
masonry_contractor,masonry_contractors
supplier_or_distributor,business_equipment_and_supply
television_service_provider,television_service_providers
airport_shuttle,airport_shuttles
drywall_service,drywall_services
endodontics,endodontist
leather_goods_store,leather_goods
appellate_practice_lawyer,appellate_practice_lawyers
allergy_and_immunology,allergist
hypnotherapy,hypnosis_hypnotherapy
apparel_manufacturer,b2b_apparel
jail_or_prison,jail_and_prison
family_counseling,family_counselor
boat_tour,boat_tours
skate_store,skate_shop
hat_store,hat_shop
pulmonology,pulmonologist
process_server,process_servers
escrow_service,escrow_services
b2b_mining,mining
maternity_center,maternity_centers
periodontics,periodontist
nephrology,nephrologist
septic_service,septic_services
hot_tub_and_pool_store,hot_tubs_and_pools
anesthesiology,anesthesiologist
embroidery_and_crochet_store,embroidery_and_crochet
mobility_equipment_service,mobility_equipment_services
b2b_environmental_service,wood_and_pulp
boat_parts_store,boat_parts_and_supply_store
sikh_place_of_worship,sikh_temple
amateur_sport_league,amateur_sports_league
ski_and_snowboard_store,ski_and_snowboard_shop
b2b_clinical_lab,clinical_laboratories
festival_venue,festival
rv_rental_service,rv_rentals
pathology,pathologist
rheumatology,rheumatologist
b2b_promotional_products_and_services,promotional_products_and_services
welder,welders
b2b_audio_visual_production,audio_visual_production_and_design
trailer_rental_service,trailer_rentals
vacation_rental_agent,vacation_rental_agents
pool_and_hot_tub_service,pool_and_hot_tub_services
professional_sport_team,professional_sports_team
electrical_wholesaler,b2b_electronic_equipment
herb_and_spice_store,herb_and_spice_shop
b2b_industrial_and_machine_service,scrap_metals
farming_service,farming_services
foster_care_service,foster_care_services
bus_tour,bus_tours
cemetery,cemeteries
jazz_and_blues_venue,jazz_and_blues
specialized_health_care,physician_assistant
auto_broker,car_broker
collection_agency,collection_agencies
auto_leasing,automobile_leasing
golf_equipment_store,golf_equipment
environmental_testing_service,environmental_testing
cosmetic_surgery,cosmetic_surgeon
steel_fabricator,steel_fabricators
exhibition_and_trade_fair_venue,exhibition_and_trade_center
mountain_bike_trail,mountain_bike_trails
circus_venue,circus
infectious_disease,infectious_disease_specialist
customized_merchandise_store,customized_merchandise
rubber_and_plastics_manufacturer,b2b_rubber_and_plastics
southern_american_restaurant,southern_restaurant
medical_billing,bulk_billing
persian_restaurant,persian_iranian_restaurant
dairy_store,dairy_stores
midwifery,midwife
business_broker,business_brokers
b2b_hospital_equipment_and_supplies,hospital_equipment_and_supplies
sawmill,saw_mill
shredding_service,shredding_services
bedding_and_bath_store,bedding_and_bath_stores
packing_service,packing_services
cycling_class,cycling_classes
christmas_tree_store,christmas_trees
dancewear_store,dance_wear
ethical_grocery_store,ethical_grocery
b2b_telemarketing_service,telemarketing_services
light_rail_and_subway_station,light_rail_and_subway_stations
neuropathology,neuropathologist
jehovahs_witness_place_of_worship,jehovahs_witness_kingdom_hall
geological_service,geological_services
prosthodontics,prosthodontist
glass_blowing_venue,glass_blowing
dumpster_rental,dumpster_rentals
event_or_party_service,party_and_event_planning
knitting_supply_store,knitting_supply
reptile_store,reptile_shop
b2b_oil_and_gas_equipment,oil_and_gas_field_equipment_and_services
crane_service,crane_services
proctology,proctologist
inspection_service,inspection_services
refractive_surgery_or_lasik,laser_eye_surgery_lasik
afghani_restaurant,afghan_restaurant
homeopathy,homeopathic_medicine
vehicle_dealer,automotive_dealer
aircraft_service,aircraft_repair
jewelry_manufacturer,jewelry_store
shipping_collection_service,shipping_collection_services
bus_rental,bus_rentals
irrigation_service,irrigation
school_district_office,school_district_offices
sex_therapy,sex_therapist
corporate_entertainment_service,arts_and_entertainment
holding_company,holding_companies
b2b_secretarial_service,secretarial_services
exporter,exporters
fitness_exercise_store,fitness_exercise_equipment
beach_equipment_rental,beach_equipment_rentals
heliport,heliports
cardiothoracic_surgery,cardiovascular_and_thoracic_surgeon
sleep_medicine,sleep_specialist
b2b_radio_and_television_commercials,radio_and_television_commercials
train,trains
b2b_records_storage_service,business_records_storage_and_management
furniture_wholesaler,furniture_wholesalers
ticket_office_or_booth,ticket_sales
tractor_dealer,b2b_tractor_dealers
b2b_domestic_trade_service,domestic_business_and_trade_organizations
handbag_store,handbag_stores
public_bath_house,public_bath_houses
place_of_worship,temple
frozen_foods_store,frozen_foods
grain_elevator,grain_elevators
historic_mission,mission
religious_and_spiritual_goods_store,religious_items
water_purification_service,water_purification_services
piano_service,piano_services
b2b_publicity_service,publicity_service
b2b_oil_and_gas_extraction,b2b_oil_and_gas_extraction_and_services
payroll_service,payroll_services
b2b_executive_search_consultants,executive_search_consultants
b2b_transportation_and_storage_service,business_storage_and_transportation
b2b_signage_service,business_signage
child_psychiatry,child_psychiatrist
importer,importers
business_school,business_schools
custom_clothing_store,custom_clothing
archery_store,archery_shop
motorcycle_parts_store,motorcycle_gear
debt_relief_service,debt_relief_services
stucco_service,stucco_services
orthopedic_surgery,orthopedist
energy_management_service,energy_management_and_conservation_consultants
cpr_class,cpr_classes
b2b_power_plants_and_power_plant_service,power_plants_and_power_plant_service
b2b_oil_refinery,oil_refiners
motorcycle_rental_service,motorcycle_rentals
imported_food_store,imported_food
paralegal_service,paralegal_services
adoption_service,adoption_services
nanny_service,nanny_services
historical_tour,historical_tours
truck_parts_and_accessories,b2b_truck_equipment_parts_and_accessories
telephone_service,telephone_services
b2b_coal_and_coke,coal_and_coke
immigration_and_naturalization_office,immigration_and_naturalization
hydroponic_gardening_store,hydroponic_gardening
crisis_intervention_service,crisis_intervention_services
nightlife_venue,dance_club
board_of_education_office,board_of_education_offices
emergency_or_urgent_care_facility,emergency_medicine
b2b_newspaper_advertising,newspaper_advertising
social_security_service,social_security_services
billing_service,billing_services
archaeological_service,archaeological_services
pretzel_shop,pretzels
professional_sport_league,professional_sports_league
balloon_service,balloon_services
dive_store,dive_shop
refinishing_service,refinishing_services
duty_free_store,duty_free_shop
grilling_equipment_store,grilling_equipment
otolaryngology,ear_nose_and_throat
international_fusion_restaurant,international_restaurant
school_sport_team,school_sports_team
b2b_quarry,quarries
vehicle_rental_service,rv_rentals
music_production_service,music_production_services
atv_rental_tour,atv_rentals_and_tours
genealogist,genealogists
digitizing_service,digitizing_services
pension_office,pension
engineering_school,engineering_schools
metal_material_expert,metal_materials_and_experts
food_tour,food_tours
gerontology,gerontologist
self_defense_class,self_defense_classes
taxi_stand,taxi_service
blacksmith,blacksmiths
musical_instrument_service,musical_instrument_services
ride_share_service,ride_sharing
boating_place,boating_places
marble_and_granite_professional,marble_and_granite_professionals
behavior_analysis,behavior_analyst
scooter_dealer,scooter_dealers
bathtub_and_sink_repair,bathtub_and_sink_repairs
barre_class,barre_classes
gemstone_and_mineral_store,gemstone_and_mineral
band_orchestra_symphony,musical_band_orchestras_and_symphonies
plastic_injection_molding_service,plastic_injection_molding_workshop
pasta_store,pasta_shop
sport_equipment_rental,sport_equipment_rentals
pet_cemetery_and_crematorium_service,pet_cemetery_and_crematorium_services
school_sport_league,school_sports_league
law_school,law_schools
industrial_cleaning_service,industrial_cleaning_services
sporting_goods_manufacturer,b2b_sporting_and_recreation_goods
typing_service,typing_services
b2b_direct_mail_advertising,direct_mail_advertising
boat_and_ship_manufacturer,boat_builder
erotic_massage_venue,erotic_massage
transcription_service,transcription_services
laser_cutting_service,laser_cutting_service_provider
plus_size_clothing_store,plus_size_clothing
mill,mills
mortuary_service,mortuary_services
private_jet_charter,private_jet_charters
holiday_decor_store,holiday_decor
empanada_restaurant,empanadas
bathroom_fixture_store,bathroom_fixture_stores
dentistry_school,dentistry_schools
medical_sciences_school,medical_sciences_schools
doula_service,doula
wine_tour,wine_tours
spiritual_advising,mystic
vehicle_manufacturer,b2b_autos_and_vehicles
environmental_abatement_service,environmental_abatement_services
iron_fabricator,metal_fabricator
aesthetic_medicine,aesthetician
community_garden,community_gardens
rail_facility_or_service,railway_service
boat_hire_service,boat_rental_and_training
tabletop_games_store,tabletop_games
nepalese_restaurant,indian_restaurant
parking_garage,parking
b2b_medical_support_service,b2b_medical_support_services
civil_rights_lawyer,civil_rights_lawyers
rv_parts_store,recreational_vehicle_parts_and_accessories
truck_and_industrial_vehicle_services,trucks_and_industrial_vehicles
blueprinter,blueprinters
spine_surgery,spine_surgeon
paint_and_sip_venue,paint_and_sip
hockey_equipment_store,hockey_equipment
greenhouse,greenhouses
parenting_class,parenting_classes
b2b_oil_and_gas_exploration_and_development,oil_and_gas_exploration_and_development
retina_services,retina_specialist
paternity_testing,paternity_tests_and_services
officiating_service,officiating_services
b2b_outdoor_advertising,outdoor_advertising
paint_your_own_pottery_venue,paint_your_own_pottery
sports_psychology,sports_psychologist
eating_disorder_treatment_center,eating_disorder_treatment_centers
aquarium_service,aquarium_services
hardware_and_fastener_manufacturer,b2b_hardware
otology,otologist
dental_hygiene,dental_hygienist
casting_molding_service,casting_molding_and_machining
b2b_farm,b2b_farms
mountain_hut,mountain_huts
fish_farm_hatchery,fish_farms_and_hatcheries
editorial_service,editorial_services
olive_oil_store,olive_oil
lactation_service,lactation_services
cardio_class,cardio_classes
duplication_service,duplication_services
bird_store,bird_shop
psychoanalysis,psychoanalyst
veterinary_care,veterinarian
fortune_telling,fortune_telling_service
walking_tour,walking_tours
immigration_assistance_service,immigration_assistance_services
hepatology,hepatologist
drinking_fountain,drinking_water_dispenser
architectural_tour,architectural_tours
film_festival_venue,film_festivals_and_organizations
ultrasound_imaging,ultrasound_imaging_center
instrumentation_engineer,instrumentation_engineers
b2b_storage,b2b_storage_and_warehouses
hyperbaric_medicine,undersea_hyperbaric_medicine
outdoor_movie_space,outdoor_movies
airsoft_field,airsoft_fields
bike_tour,bike_tours
livestock_dealer,livestock_dealers
park_and_ride,park_and_rides
boudoir_photography_service,boudoir_photography
pool_and_billiards_store,pool_and_billiards
tires_manufacturer,b2b_tires
photography_class,photography_classes
road_structures_and_service,road_structures_and_services
mountain_bike_park,mountain_bike_parks
aerial_tour,aerial_tours
balloon_port,balloon_ports
colonic_hydrotherapy,colonics
b2b_agriculture_service,b2b_agriculture_and_food
seaplane_base,seaplane_bases
flower_market,flower_markets
general_hospital,hospital
himalayan_restaurant,himalayan_nepalese_restaurant
genetics,geneticist
backflow_service,backflow_services
non_alcoholic_beverage_venue,beverage_store
specialty_store,props
music_festival_venue,music_festivals_and_organizations
architecture_school,architecture_schools
whale_watching_tour,whale_watching_tours
public_safety_service,ambulance_and_ems_services
health_retreat,health_retreats
farrier_service,farrier_services
macaron_shop,macarons
parking_lot,parking
handball_court,amateur_sports_team
rice_store,rice_shop
bike_sharing_location,bicycle_sharing_location
lime_professional,lime_professionals
art_tour,art_tours
science_school,science_schools
stress_management_service,stress_management_services
ice_hockey_club,amateur_sports_team
wallpaper_installer,wallpaper_installers
phlebology,phlebologist
warehouse_rental_service_yard,warehouse_rental_services_and_yards
arts_and_crafts_space,chamber_of_handicraft
methodist_place_of_worship,church_cathedral
stadium,stadium_arena
wine_tasting_class,wine_tasting_classes
kombucha_bar,kombucha
beer_tour,beer_tours
motorcycle_parking,parking
skydiving_center,sky_diving
immunodermatology,immunodermatologist
toxicology,toxicologist
toll_station,toll_stations
apiary_beekeeper,apiaries_and_beekeepers
gravel_professional,gravel_professionals
b2b_dairy,b2b_dairies
motor_race_track,race_track
pharmacy_school,pharmacy_schools
endoscopy,endoscopist
lingerie_wholesaler,lingerie_store
holiday_decorating_service,holiday_decorating
b2b_background_check_service,background_check_services
ironworker,ironworkers
lutheran_place_of_worship,church_cathedral
recreational_trail_or_path,trail
medical_service,medical_service_organizations
hockey_club,amateur_sports_team
naturist_club,nudist_clubs
neurotology,neurotologist
bazaar,bazaars
tasting_class,tasting_classes
amphitheater,theaters_and_performance_venues
scavenger_hunt,scavenger_hunts_provider
south_indian_restaurant,indian_restaurant
scooter_tour,scooter_tours
flatbread_shop,flatbread_restaurant
glider_port,gliderports
historic_tower,tower
building,restaurant
shanghainese_restaurant,chinese_restaurant
cantonese_restaurant,restaurant
eritrean_restaurant,restaurant
national_security_service,national_security_services
pilgrimage_site,catholic_church
west_african_restaurant,african_restaurant
fishing,wholesale_store
misting_system_service,pest_control_service
water_sport,engineering_services
ice_hockey_rink,ice_skating_rink
south_american_restaurant,latin_american_restaurant
cheese_tasting_class,cheese_tasting_classes
fueling_station,gas_station
railway_ticket_agent,train_station
convent,church_cathedral
military_base,armed_forces_branch
memory_care_facility,memory_care
dog_cafe,pet_services
government_department,structure_and_geography
movie_critic,media_news_company
shinto_shrine,shinto_shrines
pickleball_court,sports_and_recreation_venue
seminary,religious_school
tibetan_restaurant,asian_restaurant
ski_chairlift,restaurant
arena,stadium_arena
east_african_restaurant,african_restaurant
windsurfing_center,surf_shop
veterinary_school,veterinary_schools
veterans_hospital,medical_center
algerian_restaurant,moroccan_restaurant
ski_chalet,cabin
water_taxi_service,water_taxi
eastern_orthodox_place_of_worship,church_cathedral
carpet_dyeing,shopping
lithuanian_restaurant,german_restaurant
suicide_prevention_service,suicide_prevention_services
bike_path,bicycle_path
hunan_restaurant,restaurant
canteen,central_government_office
north_indian_restaurant,indian_restaurant
psychomotor_therapy,psychologist
